Workbook

Sheet SUM
GR1: =GR4/$Q$4/10^9 -> 0.027998133 | GS1: =GS4/$Q$4/10^9 -> 0.026918937 | GT1: =GT4/$Q$4/10^9 -> 0.026556074 | GU1: =GU4/$Q$4/10^9 -> 0.029203748 | GV1: =GV4/$Q$4/10^9 -> 0.034047185 | GW1: =GW4/$Q$4/10^9 -> 0.009467153 | GX1: =GX4/$Q$4/10^9 -> 0.033561287 | GY1: =GY4/$Q$4/10^9 -> 0.032310376 | ... NS1: =NS4/$Q$4/10^9 -> 0.034883452 | OP1: =OP4/$Q$4/10^9 -> 0.0073278071 | OQ1: =OQ4/$Q$4/10^9 -> 0.029260401 | OR1: =OR4/$Q$4/10^9 -> 0.024396248 | OS1: =OS4/$Q$4/10^9 -> 0.0089733606 | OT1: =OT4/$Q$4/10^9 -> 0.03476808 | OU1: =OU4/$Q$4/10^9 -> 0.031978946 | OV1: =OV4/$Q$4/10^9 -> 0.032801344 | OW1: =OW4/$Q$4/10^9 -> 0.026899608 | ... PT1: =PT4/$Q$4/10^9 -> 0
B2: Channel | C2: Sub Channel | D2: MTD - Jan | L2: MTD | O2: KPI - Nov | S2: 45658 | T2: 45659 | U2: 45660 | V2: 45661 | W2: 45662 | X2: 45663 | Y2: 45664 | Z2: 45665 | AA2: 45666 | AB2: 45667 | AC2: 45668 | AD2: 45669 | AE2: 45670 | AF2: 45671 | AG2: 45672 | AH2: 45673 | AI2: 45674 | AJ2: 45675 | AK2: 45676 | AL2: 45677 | AM2: 45678 | AN2: 45679 | AO2: 45680 | AP2: 45681 | AQ2: 45682 | AR2: 45683 | AS2: 45684 | AT2: 45685 | AU2: 45686 | AV2: 45687 | AW2: 45688 | AX2: 45689 | AY2: 45690 | AZ2: 45691 | BA2: 45692 | BB2: 45693 | BC2: 45694 | BD2: 45695 | BE2: 45696 | BF2: 45697 | BG2: 45698 | BH2: 45699 | BI2: 45700 | BJ2: 45701 | BK2: 45702 | BL2: 45703 | BM2: 45704 | BN2: 45705 | BO2: 45706 | BP2: 45707 | BQ2: 45708 | BR2: 45709 | BS2: 45710 | BT2: 45711 | BU2: 45712 | BV2: 45713 | BW2: 45714 | BX2: 45715 | BY2: 45716 | BZ2: 45717 | CA2: 45718 | CB2: 45719 | CC2: 45720 | CD2: 45721 | CE2: 45722 | CF2: 45723 | CG2: 45724 | CH2: 45725 | CI2: 45726 | CJ2: 45727 | CK2: 45728 | CL2: 45729 | CM2: 45730 | CN2: 45731 | CO2: 45732 | CP2: 45733 | CQ2: 45734 | CR2: 45735 | CS2: 45736 | CT2: 45737 | CU2: 45738 | CV2: 45739 | CW2: 45740 | CX2: 45741 | CY2: 45742 | CZ2: 45743 | DA2: 45744 | DB2: 45745 | DC2: 45746 | DD2: 45747 | DE2: 45748 | DF2: 45749 | DG2: 45750 | DH2: 45751 | DI2: 45752 | DJ2: 45753 | DK2: 45754 | DL2: 45755 | DM2: 45756 | DN2: 45757 | DO2: 45758 | DP2: 45759 | DQ2: 45760 | DR2: 45761 | DS2: 45762 | DT2: 45763 | DU2: 45764 | DV2: 45765 | DW2: 45766 | DX2: 45767 | DY2: 45768 | DZ2: 45769 | EA2: 45770 | EB2: 45771 | EC2: 45772 | ED2: 45773 | EE2: 45774 | EF2: 45775 | EG2: 45776 | EH2: 45777 | EI2: 45778 | EJ2: 45779 | EK2: 45780 | EL2: 45781 | EM2: 45782 | EN2: 45783 | EO2: 45784 | EP2: 45785 | EQ2: 45786 | ER2: 45787 | ES2: 45788 | ET2: 45789 | EU2: 45790 | EV2: 45791 | EW2: 45792 | EX2: 45793 | EY2: 45794 | EZ2: 45795 | FA2: 45796 | FB2: 45797 | FC2: 45798 | FD2: 45799 | FE2: 45800 | FF2: 45801 | FG2: 45802 | FH2: 45803 | FI2: 45804 | FJ2: 45805 | FK2: 45806 | FL2: 45807 | FM2: 45808 | FN2: 45809 | FO2: 45810 | FP2: 45811 | FQ2: 45812 | FR2: 45813 | FS2: 45814 | FT2: 45815 | FU2: 45816 | FV2: 45817 | FW2: 45818 | FX2: 45819 | FY2: 45820 | FZ2: 45821 | GA2: 45822 | GB2: 45823 | GC2: 45824 | GD2: 45825 | GE2: 45826 | GF2: 45827 | GG2: 45828 | GH2: 45829 | GI2: 45830 | GJ2: 45831 | GK2: 45832 | GL2: 45833 | GM2: 45834 | GN2: 45835 | GO2: 45836 | GP2: 45837 | GQ2: 45838 | GR2: 45839 | GS2: 45840 | GT2: 45841 | GU2: 45842 | GV2: 45843 | GW2: 45844 | GX2: 45845 | GY2: 45846 | GZ2: 45847 | HA2: 45848 | HB2: 45849 | HC2: 45850 | HD2: 45851 | HE2: 45852 | HF2: 45853 | HG2: 45854 | HH2: 45855 | HI2: 45856 | HJ2: 45857 | HK2: 45858 | HL2: 45859 | HM2: 45860 | HN2: 45861 | HO2: 45862 | HP2: 45863 | HQ2: 45864 | HR2: 45865 | HS2: 45866 | HT2: 45867 | HU2: 45868 | HV2: 45869 | HW2: 45870 | HX2: 45871 | HY2: 45872 | HZ2: 45873 | IA2: 45874 | IB2: 45875 | IC2: 45876 | ID2: 45877 | IE2: 45878 | IF2: 45879 | IG2: 45880 | IH2: 45881 | II2: 45882 | IJ2: 45883 | IK2: 45884 | IL2: 45885 | IM2: 45886 | IN2: 45887 | IO2: 45888 | IP2: 45889 | IQ2: 45890 | IR2: 45891 | IS2: 45892 | IT2: 45893 | IU2: 45894 | IV2: 45895 | IW2: 45896 | IX2: 45897 | IY2: 45898 | IZ2: 45899 | JA2: 45900 | JB2: 45901 | JC2: 45902 | JD2: 45903 | JE2: 45904 | JF2: 45905 | JG2: 45906 | JH2: 45907 | JI2: 45908 | JJ2: 45909 | JK2: 45910 | JL2: 45911 | JM2: 45912 | JN2: 45913 | JO2: 45914 | JP2: 45915 | JQ2: 45916 | JR2: 45917 | JS2: 45918 | JT2: 45919 | JU2: 45920 | JV2: 45921 | JW2: 45922 | JX2: 45923 | JY2: 45924 | JZ2: 45925 | KA2: 45926 | KB2: 45927 | KC2: 45928 | KD2: 45929 | KE2: 45930 | KF2: 45931 | KG2: 45932 | KH2: 45933 | KI2: 45934 | KJ2: 45935 | KK2: 45936 | KL2: 45937 | KM2: 45938 | KN2: 45939 | KO2: 45940 | KP2: 45941 | KQ2: 45942 | KR2: 45943 | KS2: 45944 | KT2: 45945 | KU2: 45946 | KV2: 45947 | KW2: 45948 | KX2: 45949 | KY2: 45950 | KZ2: 45951 | LA2: 45952 | LB2: 45953 | LC2: 45954 | LD2: 45955 | LE2: 45956 | LF2: 45957 | LG2: 45958 | LH2: 45959 | LI2: 45960 | LJ2: 45961 | LK2: 45962 | LL2: 45963 | LM2: 45964 | LN2: 45965 | LO2: 45966 | LP2: 45967 | LQ2: 45968 | LR2: 45969 | LS2: 45970 | LT2: 45971 | LU2: 45972 | LV2: 45973 | LW2: 45974 | LX2: 45975 | LY2: 45976 | LZ2: 45977 | MA2: 45978 | MB2: 45979 | MC2: 45980 | MD2: 45981 | ME2: 45982 | MF2: 45983 | MG2: 45984 | MH2: 45985 | MI2: 45986 | MJ2: 45987 | MK2: 45988 | ML2: 45989 | MM2: 45990 | MN2: 45991 | MO2: 45992 | MP2: 45993 | MQ2: 45994 | MR2: 45995 | MS2: 45996 | MT2: 45997 | MU2: 45998 | MV2: 45999 | MW2: 46000 | MX2: 46001 | MY2: 46002 | MZ2: 46003 | NA2: 46004 | NB2: 46005 | NC2: 46006 | ND2: 46007 | NE2: 46008 | NF2: 46009 | NG2: 46010 | NH2: 46011 | NI2: 46012 | NJ2: 46013 | NK2: 46014 | NL2: 46015 | NM2: 46016 | NN2: 46017 | NO2: 46018 | NP2: 46019 | NQ2: 46020 | NR2: 46021 | NS2: 46022 | OP2: 46023 | OQ2: 46024 | OR2: 46025 | OS2: 46026 | OT2: 46027 | OU2: 46028 | OV2: 46029 | OW2: 46030 | OX2: 46031 | OY2: 46032 | OZ2: 46033 | PA2: 46034 | PB2: 46035 | PC2: 46036 | PD2: 46037 | PE2: 46038 | PF2: 46039 | PG2: 46040 | PH2: 46041 | PI2: 46042 | PJ2: 46043 | PK2: 46044 | PL2: 46045 | PM2: 46046 | PN2: 46047 | PO2: 46048 | PP2: 46049 | PQ2: 46050 | PR2: 46051 | PS2: 46052 | PT2: 46053
D3: HMTD | E3: HMGPXL | F3: HMSG | G3: HPH | H3: HPEC | I3: HMGKD | J3: R1 | L3: % Contribution | M3: Total Sales | N3: Total Viện | O3: Total | Q3: Total KPI | R3: % KPI | S3: d_revenue | T3: d_revenue | U3: d_revenue | V3: d_revenue | W3: d_revenue | X3: d_revenue | Y3: d_revenue | Z3: d_revenue | AA3: d_revenue | AB3: d_revenue | AC3: d_revenue | AD3: d_revenue | AE3: d_revenue | AF3: d_revenue | AG3: d_revenue | AH3: d_revenue | AI3: d_revenue | AJ3: d_revenue | AK3: d_revenue | AL3: d_revenue | AM3: d_revenue | AN3: d_revenue | AO3: d_revenue | AP3: d_revenue | AQ3: d_revenue | AR3: d_revenue | AS3: d_revenue | AT3: d_revenue | AU3: d_revenue | AV3: d_revenue | AW3: d_revenue | AX3: d_revenue | AY3: d_revenue | AZ3: d_revenue | BA3: d_revenue | BB3: d_revenue | BC3: d_revenue | BD3: d_revenue | BE3: d_revenue | BF3: d_revenue | BG3: d_revenue | BH3: d_revenue | BI3: d_revenue | BJ3: d_revenue | BK3: d_revenue | BL3: d_revenue | BM3: d_revenue | BN3: d_revenue | BO3: d_revenue | BP3: d_revenue | BQ3: d_revenue | BR3: d_revenue | BS3: d_revenue | BT3: d_revenue | BU3: d_revenue | BV3: d_revenue | BW3: d_revenue | BX3: d_revenue | BY3: d_revenue | BZ3: d_revenue | CA3: d_revenue | CB3: d_revenue | CC3: d_revenue | CD3: d_revenue | CE3: d_revenue | CF3: d_revenue | CG3: d_revenue | CH3: d_revenue | CI3: d_revenue | CJ3: d_revenue | CK3: d_revenue | CL3: d_revenue | CM3: d_revenue | CN3: d_revenue | CO3: d_revenue | CP3: d_revenue | CQ3: d_revenue | CR3: d_revenue | CS3: d_revenue | CT3: d_revenue | CU3: d_revenue | CV3: d_revenue | CW3: d_revenue | CX3: d_revenue | CY3: d_revenue | CZ3: d_revenue | DA3: d_revenue | DB3: d_revenue | DC3: d_revenue | DD3: d_revenue | DE3: d_revenue | DF3: d_revenue | DG3: d_revenue | DH3: d_revenue | DI3: d_revenue | DJ3: d_revenue | DK3: d_revenue | DL3: d_revenue | DM3: d_revenue | DN3: d_revenue | DO3: d_revenue | DP3: d_revenue | DQ3: d_revenue | DR3: d_revenue | DS3: d_revenue | DT3: d_revenue | DU3: d_revenue | DV3: d_revenue | DW3: d_revenue | DX3: d_revenue | DY3: d_revenue | DZ3: d_revenue | EA3: d_revenue | EB3: d_revenue | EC3: d_revenue | ED3: d_revenue | EE3: d_revenue | EF3: d_revenue | EG3: d_revenue | EH3: d_revenue | EI3: d_revenue | EJ3: d_revenue | EK3: d_revenue | EL3: d_revenue | EM3: d_revenue | EN3: d_revenue | EO3: d_revenue | EP3: d_revenue | EQ3: d_revenue | ER3: d_revenue | ES3: d_revenue | ET3: d_revenue | EU3: d_revenue | EV3: d_revenue | EW3: d_revenue | EX3: d_revenue | EY3: d_revenue | EZ3: d_revenue | FA3: d_revenue | FB3: d_revenue | FC3: d_revenue | FD3: d_revenue | FE3: d_revenue | FF3: d_revenue | FG3: d_revenue | FH3: d_revenue | FI3: d_revenue | FJ3: d_revenue | FK3: d_revenue | FL3: d_revenue | FM3: d_revenue | FN3: d_revenue | FO3: d_revenue | FP3: d_revenue | FQ3: d_revenue | FR3: d_revenue | FS3: d_revenue | FT3: d_revenue | FU3: d_revenue | FV3: d_revenue | FW3: d_revenue | FX3: d_revenue | FY3: d_revenue | FZ3: d_revenue | GA3: d_revenue | GB3: d_revenue | GC3: d_revenue | GD3: d_revenue | GE3: d_revenue | GF3: d_revenue | GG3: d_revenue | GH3: d_revenue | GI3: d_revenue | GJ3: d_revenue | GK3: d_revenue | GL3: d_revenue | GM3: d_revenue | GN3: d_revenue | GO3: d_revenue | GP3: d_revenue | GQ3: d_revenue | GR3: d_revenue | GS3: d_revenue | GT3: d_revenue | GU3: d_revenue | GV3: d_revenue | GW3: d_revenue | GX3: d_revenue | GY3: d_revenue | GZ3: d_revenue | HA3: d_revenue | HB3: d_revenue | HC3: d_revenue | HD3: d_revenue | HE3: d_revenue | HF3: d_revenue | HG3: d_revenue | HH3: d_revenue | HI3: d_revenue | HJ3: d_revenue | HK3: d_revenue | HL3: d_revenue | HM3: d_revenue | HN3: d_revenue | HO3: d_revenue | HP3: d_revenue | HQ3: d_revenue | HR3: d_revenue | HS3: d_revenue | HT3: d_revenue | HU3: d_revenue | HV3: d_revenue | HW3: d_revenue | HX3: d_revenue | HY3: d_revenue | HZ3: d_revenue | IA3: d_revenue | IB3: d_revenue | IC3: d_revenue | ID3: d_revenue | IE3: d_revenue | IF3: d_revenue | IG3: d_revenue | IH3: d_revenue | II3: d_revenue | IJ3: d_revenue | IK3: d_revenue | IL3: d_revenue | IM3: d_revenue | IN3: d_revenue | IO3: d_revenue | IP3: d_revenue | IQ3: d_revenue | IR3: d_revenue | IS3: d_revenue | IT3: d_revenue | IU3: d_revenue | IV3: d_revenue | IW3: d_revenue | IX3: d_revenue | IY3: d_revenue | IZ3: d_revenue | JA3: d_revenue | JB3: d_revenue | JC3: d_revenue | JD3: d_revenue | JE3: d_revenue | JF3: d_revenue | JG3: d_revenue | JH3: d_revenue | JI3: d_revenue | JJ3: d_revenue | JK3: d_revenue | JL3: d_revenue | JM3: d_revenue | JN3: d_revenue | JO3: d_revenue | JP3: d_revenue | JQ3: d_revenue | JR3: d_revenue | JS3: d_revenue | JT3: d_revenue | JU3: d_revenue | JV3: d_revenue | JW3: d_revenue | JX3: d_revenue | JY3: d_revenue | JZ3: d_revenue | KA3: d_revenue | KB3: d_revenue | KC3: d_revenue | KD3: d_revenue | KE3: d_revenue | KF3: d_revenue | KG3: d_revenue | KH3: d_revenue | KI3: d_revenue | KJ3: d_revenue | KK3: d_revenue | KL3: d_revenue | KM3: d_revenue | KN3: d_revenue | KO3: d_revenue | KP3: d_revenue | KQ3: d_revenue | KR3: d_revenue | KS3: d_revenue | KT3: d_revenue | KU3: d_revenue | KV3: d_revenue | KW3: d_revenue | KX3: d_revenue | KY3: d_revenue | KZ3: d_revenue | LA3: d_revenue | LB3: d_revenue | LC3: d_revenue | LD3: d_revenue | LE3: d_revenue | LF3: d_revenue | LG3: d_revenue | LH3: d_revenue | LI3: d_revenue | LJ3: d_revenue | LK3: d_revenue | LL3: d_revenue | LM3: d_revenue | LN3: d_revenue | LO3: d_revenue | LP3: d_revenue | LQ3: d_revenue | LR3: d_revenue | LS3: d_revenue | LT3: d_revenue | LU3: d_revenue | LV3: d_revenue | LW3: d_revenue | LX3: d_revenue | LY3: d_revenue | LZ3: d_revenue | MA3: d_revenue | MB3: d_revenue | MC3: d_revenue | MD3: d_revenue | ME3: d_revenue | MF3: d_revenue | MG3: d_revenue | MH3: d_revenue | MI3: d_revenue | MJ3: d_revenue | MK3: d_revenue | ML3: d_revenue | MM3: d_revenue | MN3: d_revenue | MO3: d_revenue | MP3: d_revenue | MQ3: d_revenue | MR3: d_revenue | MS3: d_revenue | MT3: d_revenue | MU3: d_revenue | MV3: d_revenue | MW3: d_revenue | MX3: d_revenue | MY3: d_revenue | MZ3: d_revenue | NA3: d_revenue | NB3: d_revenue | NC3: d_revenue | ND3: d_revenue | NE3: d_revenue | NF3: d_revenue | NG3: d_revenue | NH3: d_revenue | NI3: d_revenue | NJ3: d_revenue | NK3: d_revenue | NL3: d_revenue | NM3: d_revenue | NN3: d_revenue | NO3: d_revenue | NP3: d_revenue | NQ3: d_revenue | NR3: d_revenue | NS3: d_revenue | NW3: Rev. Hospital | NX3: Jan | NY3: Feb | NZ3: Mar | OA3: Apr | OB3: May | OC3: Jun | OD3: Jul | OE3: Aug | OF3: Sep | OG3: Oct | OH3: Nov | OI3: Dec | OJ3: Total 2025 | OK3: Q1 | OL3: Q2 | OM3: Q3 | ON3: Q4 | OP3: d_revenue | OQ3: d_revenue | OR3: d_revenue | OS3: d_revenue | OT3: d_revenue | OU3: d_revenue | OV3: d_revenue | OW3: d_revenue | OX3: d_revenue | OY3: d_revenue | OZ3: d_revenue | PA3: d_revenue | PB3: d_revenue | PC3: d_revenue
B4: Total Channel | D4: =SUM(D5:D9) -> 2270 | E4: =SUM(E5:E9) -> 904.19 | F4: =SUM(F5:F9) -> 4519 | G4: =SUM(G5:G9) -> 5995 | H4: =SUM(H5:H9) -> 343 | I4: =SUM(I6:I9) -> 0 | J4: =SUM(J5:J9) -> 14031.19 | L4: =M4/N4 -> 0.11303097 | M4: =J4/10^3 -> 14.03119 | N4: =SUM(OP4:PT4)/10^9 -> 124.13581 | O4: =(Q4*1000-N4)/(31-DAY(TODAY())) -> 22997.849 | P4: R1 | Q4: =SUM(Q5:Q10) -> 253.10047 | R4: =N4/Q4 -> 0.49046059 | S4: 1864710495 | T4: 7236707707 | U4: 6445813442 | V4: 6498128737 | W4: 2521250314 | X4: 6727348061 | Y4: 5727155509 | Z4: 6446776805 | AA4: 5898176688 | AB4: 5887988932 | AC4: 8019668297 | AD4: 1958677580 | AE4: 6367291146 | AF4: 6192702917 | AG4: 7061324576 | AH4: 5918199300 | AI4: 5649910846 | AJ4: 6224258101 | AK4: 2459848641 | AL4: 8325027109 | AM4: 6414402893 | AN4: 5129166417 | AO4: 5679810235 | AP4: 6479361988 | AQ4: 5798326723 | AR4: 2491367543 | AS4: 2696698865 | AT4: 2129629745 | AU4: 597843539 | AV4: 1320933540 | AW4: 1989170050 | AX4: 1207640088 | AY4: 624995423 | AZ4: 6033791892 | BA4: 5718493006 | BB4: 5993381368 | BC4: 5946449347 | BD4: 6810125465 | BE4: 7056575760 | BF4: 2279734804 | BG4: 7233849841 | BH4: 6834543839 | BI4: 6121826827 | BJ4: 6874329796 | BK4: 7032501329 | BL4: 8559687570 | BM4: 1976305782 | BN4: 8691212690 | BO4: 7706477914 | BP4: 8110984635 | BQ4: 7251325785 | BR4: 7362890105 | BS4: 7639502228 | BT4: 2190395781 | BU4: 8899780178 | BV4: 8126471943 | BW4: 7529142469 | BX4: 6088717213 | BY4: 7695851801 | BZ4: 7414850951 | CA4: 2051278431 | CB4: 8278171057 | CC4: 7144629858 | CD4: 7093809927 | CE4: 6909403960 | CF4: 7987877119 | CG4: 8078011701 | CH4: 1706886311 | CI4: 8579035422 | CJ4: 7770020728 | CK4: 7729051695 | CL4: 6437815940 | CM4: 7415436003 | CN4: 7690022665 | CO4: 2086301033 | CP4: 8541920949 | CQ4: 8356397615 | CR4: 8865322725 | CS4: 7475593961 | CT4: 8070891775 | CU4: 7886083468 | CV4: 2769187597 | CW4: 8411391009 | CX4: 6528857777 | CY4: 7405203353 | CZ4: 7103291046 | DA4: 7284186779 | DB4: 8899921083 | DC4: 2270586923 | DD4: 9378364783 | DE4: 6707451210 | DF4: 6838842278 | DG4: 7498302944 | DH4: 7441861868 | DI4: 8583953237 | DJ4: 2193789921 | DK4: 1302294707 | DL4: 9469578664 | DM4: 8083647841 | DN4: 7698908342 | DO4: 6891118034 | DP4: 7888878205 | DQ4: 1904263137 | DR4: 7688875230 | DS4: 7472930158 | DT4: 6972784834 | DU4: 7670063503 | DV4: 7453610873 | DW4: 7983947766 | DX4: 2154090250 | DY4: 7797066246 | DZ4: 6017279527 | EA4: 7459970956 | EB4: 6353508836 | EC4: 6760219144 | ED4: 6516497256 | EE4: 1924162631 | EF4: 7805959709 | EG4: 9050482638 | EH4: 2801257691 | EI4: 950315397 | EJ4: 6770709291 | EK4: 5680826258 | EL4: 2259062303 | EM4: 8159205849 | EN4: 7781122218 | EO4: 7302909726 | EP4: 6916272179 | EQ4: 7826249442 | ER4: 8224724005 | ES4: 2046319069 | ET4: 8604797040 | EU4: 7401023372 | EV4: 6748515323 | EW4: 8036801100 | EX4: 7415397578 | EY4: 7928017796 | EZ4: 1654256386 | FA4: 8554522174 | FB4: 7379292790 | FC4: 7119113386 | FD4: 7453438702 | FE4: 7491569966 | FF4: 7444186725 | FG4: 2048561330 | FH4: 8761007596 | FI4: 8097711576 | FJ4: 6216222838 | FK4: 6786630725 | FL4: 6911906084 | FM4: 8679327743 | FN4: 2512236669 | FO4: 7267594228 | FP4: 7143340239 | FQ4: 7052288229 | FR4: 7466074379 | FS4: 7132998418 | FT4: 8193406699 | FU4: 2211313293 | FV4: 7441489378 | FW4: 7304826437 | FX4: 8113652499 | FY4: 7911493661 | FZ4: 7512421127 | GA4: 7730652232 | GB4: 2389006682 | GC4: 8190521115 | GD4: 7344267231 | GE4: 7290397019 | GF4: 7389201733 | GG4: 7431765864 | GH4: 8160741716 | GI4: 2259159315 | GJ4: 8925104986 | GK4: 8039052458 | GL4: 7595984317 | GM4: 7124020481 | GN4: 6018909044 | GO4: 8199678237 | GP4: 2294223629 | GQ4: 8093293948 | GR4: 7086340558 | GS4: 6813195649 | GT4: 6721354853 | GU4: 7391482265 | GV4: 8617358659 | GW4: 2396140879 | GX4: 8494377620 | GY4: 8177771407 | GZ4: 7736343794 | HA4: 8029242935 | HB4: 8564438912 | HC4: 8407803494 | HD4: 2348606763 | HE4: 8202509386 | HF4: 7950135922 | HG4: 7255138143 | HH4: 7600981777 | HI4: 6870080587 | HJ4: 8130908256 | HK4: 2651992624 | HL4: 8671845356 | HM4: 7364286385 | HN4: 7428474506 | HO4: 7400173854 | HP4: 7544481890 | HQ4: 7091772505 | HR4: 2514084341 | HS4: 9053053616 | HT4: 8140067994 | HU4: 8585802582 | HV4: 8639966843 | HW4: 7999795314 | HX4: 9139846478 | HY4: 2067598080 | HZ4: 7689207195 | IA4: 6872646844 | IB4: 7020207452 | IC4: 6610921589 | ID4: 7414266214 | IE4: 8007199557 | IF4: 2309318714 | IG4: 8657623399 | IH4: 7112932042 | II4: 7189232234 | IJ4: 7127647502 | IK4: 7850667393 | IL4: 8084368458 | IM4: 2392488308 | IN4: 8052925982 | IO4: 7508413758 | IP4: 7505884706 | IQ4: 6274312878 | IR4: 6735899686 | IS4: 7287995168 | IT4: 2111823140 | IU4: 8028218675 | IV4: 6217422390 | IW4: 7796247446 | IX4: 7079590530 | IY4: 9668215411 | IZ4: 9893697162 | JA4: 2652860740 | JB4: 2887941774 | JC4: 1943437069 | JD4: 7199800378 | JE4: 8101265055 | JF4: 7666314258 | JG4: 7860619531 | JH4: 2273940056 | JI4: 8552195784 | JJ4: 7052184662 | JK4: 7117477249 | JL4: 7324833591 | JM4: 9158791399 | JN4: 8590501914 | JO4: 2096245075 | JP4: 8103943757 | JQ4: 7637254483 | JR4: 9450364239 | JS4: 7155638207 | JT4: 6739489618 | JU4: 9525003284 | JV4: 2271523955 | JW4: 9504743935 | JX4: 7114818602 | JY4: 8169254273 | JZ4: 7490649142 | KA4: 8053591503 | KB4: 8875196954 | KC4: 2243656769 | KD4: 9612647717 | KE4: 10762147176 | KF4: 8225529426 | KG4: 8660586857 | KH4: 7176134278 | KI4: 8977024667 | KJ4: 3036150063 | KK4: 10214033024 | KL4: 7353954035 | KM4: 9553748124 | KN4: 8076318223 | KO4: 7847982960 | KP4: 9979971700 | KQ4: 3005060271 | KR4: 9834665702 | KS4: 7643945929 | KT4: 7659500924 | KU4: 8119761290 | KV4: 8055020037 | KW4: 8802944157 | KX4: 2825861048 | KY4: 9261037153 | KZ4: 7258218316 | LA4: 7582034277 | LB4: 8151463301 | LC4: 8177056300 | LD4: 9120984495 | LE4: 3122597035 | LF4: 8150604500 | LG4: 7312121065 | LH4: 7908200044 | LI4: 8641626200 | LJ4: 9006479064 | LK4: 8956074252 | LL4: 2694733068 | LM4: 8470465429 | LN4: 7674655750 | LO4: 7461332773 | LP4: 6865780577 | LQ4: 7620299468 | LR4: 9071552738 | LS4: 2394978972 | LT4: 7909106189 | LU4: 8993443644 | LV4: 6636456806 | LW4: 7032783653 | LX4: 6808301804 | LY4: 8521573961 | LZ4: 2293732741 | MA4: 8862421674 | MB4: 10181493334 | MC4: 7461330979 | MD4: 6541264474 | ME4: 8782542389 | MF4: 8100586743 | MG4: 2349751244 | MH4: 11274418191 | MI4: 8357508907 | MJ4: 8864623972 | MK4: 7715838695 | ML4: 8729681144 | MM4: 10383244884 | MN4: 2773341995 | MO4: 8459780902 | MP4: 8057545219 | MQ4: 7904255784 | MR4: 8034011413 | MS4: 8569524091 | MT4: 8361492131 | MU4: 2168328129 | MV4: 8109468868 | MW4: 7847277923 | MX4: 8289294161 | MY4: 8155615395 | MZ4: 7454871334 | NA4: 7580177494 | NB4: 2422688450 | NC4: 8166927871 | ND4: 7914715944 | NE4: 8498681533 | NF4: 7339000052 | NG4: 8369898873 | NH4: 10200225431 | NI4: 2621384663 | NJ4: 9390307666 | NK4: 8120969514 | NL4: 7812689798 | NM4: 8654289898 | NN4: 6978720705 | NO4: 8409773451 | NP4: 2849113880 | NQ4: 8901929192 | NR4: 8539135251 | NS4: 8829018125 | NW4: HMGPXL | NX4: =SUM(S4:AW4) -> 154157676741 | NY4: =SUM(AX4:BY4) -> 173596984879 | NZ4: =SUM(BZ4:DD4) -> 213619803644 | OA4: =SUM(DE4:EH4) -> 192385597636 | OB4: =SUM(EI4:FM4) -> 204650015967 | OC4: =SUM(FN4:GQ4) -> 201739115263 | OD4: =SUM(GR4:HV4) -> 221880214355 | OE4: =SUM(HW4:JA4) -> 210359474445 | OF4: =SUM(JB4:KE4) -> 210535471409 | OG4: =SUM(KF4:LJ4) -> 238740614465 | OH4: =SUM(LK4:MN4) -> 219783320450 | OI4: =SUM(MO4:NS4) -> 233011113141 | OJ4: =SUM(NX4:OI4) -> 2474459402395 | OK4: =NX4+NY4+NZ4 -> 541374465264 | OL4: =OA4+OB4+OC4 -> 598774728866 | OM4: =OD4+OE4+OF4 -> 642775160209 | ON4: =OG4+OH4+OI4 -> 691535048056 | OP4: 1854671422 | OQ4: 7405821310 | OR4: 6174701784 | OS4: 2271161796 | OT4: 8799817474 | OU4: 8093886298 | OV4: 8302035505 | OW4: 6808303550 | OX4: 7621714082 | OY4: 8976842505 | OZ4: 2862800002 | PA4: 8442736718 | PB4: 8185641401 | PC4: 7431454830 | PD4: 7210662770 | PE4: 7738193627 | PF4: 8026203367 | PG4: 2434982855 | PH4: 5494174111
B5: B2B | C5: CHC | D5: =P23 -> 445 | E5: =P19 -> 0 | F5: =P31 -> 330 | G5: =P27 -> 0 | H5: =P39 -> 0 | I5: =P35 -> 0 | J5: =SUM(D5:I5) -> 775 | L5: =M5/N5 -> 0.45615864 | M5: =E4/10^3 -> 0.90419 | N5: =SUM(OP5:PT5)/10^9 -> 1.9821832 | O5: =(Q5*1000-N5)/(31-DAY(TODAY())) -> 783.82616 | P5: HMGPXL | Q5: 8.6240699 | R5: =N5/Q5 -> 0.22984313 | S5: 25670 | T5: 206074549 | U5: 306438387 | V5: 189925693 | W5: 24967 | X5: 129275096 | Y5: 180152637 | Z5: 125659225 | AA5: 139163969 | AB5: 228949097 | AC5: 198545359 | AD5: 24983 | AE5: 110317174 | AF5: 131456877 | AG5: 177160210 | AH5: 137161634 | AI5: 185620837 | AJ5: 160995991 | AK5: 25438 | AL5: 132300012 | AM5: 176032945 | AN5: 162308941 | AO5: 99483108 | AP5: 100155099 | AQ5: 88744503 | AR5: 25778 | AS5: 25778 | AT5: 25778 | AU5: 25778 | AV5: 25778 | AW5: 25778 | AX5: 25778 | AY5: 25778 | AZ5: 183857311 | BA5: 110012928 | BB5: 127799652 | BC5: 260073345 | BD5: 162270922 | BE5: 240583896 | BF5: 26851 | BG5: 188151094 | BH5: 262283218 | BI5: 236305920 | BJ5: 206728895 | BK5: 311807851 | BL5: 221176152 | BM5: 26162 | BN5: 329756600 | BO5: 354755150 | BP5: 302007866 | BQ5: 179858932 | BR5: 193747129 | BS5: 169773478 | BT5: 27389 | BU5: 297962803 | BV5: 199274038 | BW5: 167839444 | BX5: 191358435 | BY5: 116924103 | BZ5: 105238296 | CA5: 28296 | CB5: 204394394 | CC5: 279543188 | CD5: 304877236 | CE5: 183842341 | CF5: 180691490 | CG5: 179486158 | CH5: 27260 | CI5: 235627117 | CJ5: 270079987 | CK5: 167829044 | CL5: 132824258 | CM5: 197043656 | CN5: 215543611 | CO5: 8396 | CP5: 172707629 | CQ5: 168856886 | CR5: 247428914 | CS5: 230536466 | CT5: 235447462 | CU5: 247836226 | CV5: 9544 | CW5: 162651841 | CX5: 247248126 | CY5: 202838310 | CZ5: 170493318 | DA5: 193546141 | DB5: 243060523 | DC5: 10528 | DD5: 267228369 | DE5: 297768932 | DF5: 81682595 | DG5: 179380158 | DH5: 174598707 | DI5: 187555373 | DJ5: 4211 | DK5: 4211 | DL5: 259347476 | DM5: 260943795 | DN5: 285186172 | DO5: 157710498 | DP5: 177230426 | DQ5: 5304 | DR5: 238495904 | DS5: 256427129 | DT5: 125418053 | DU5: 165022477 | DV5: 208089714 | DW5: 239933837 | DX5: 0 | DY5: 100955322 | DZ5: 203774521 | EA5: 198618466 | EB5: 143818624 | EC5: 144372022 | ED5: 106580247 | EE5: 0 | EF5: 223141853 | EG5: 103681681 | EH5: 0 | EI5: 0 | EJ5: 176527166 | EK5: 110585470 | EL5: 0 | EM5: 266661881 | EN5: 247777027 | EO5: 215467465 | EP5: 237158166 | EQ5: 196160428 | ER5: 117304543 | ES5: 0 | ET5: 173759814 | EU5: 167824360 | EV5: 115228410 | EW5: 221742117 | EX5: 105219111 | EY5: 156641630 | EZ5: 7422 | FA5: 219447192 | FB5: 181431908 | FC5: 142505967 | FD5: 120052640 | FE5: 138459102 | FF5: 138102103 | FG5: 8215 | FH5: 197209072 | FI5: 149298879 | FJ5: 85808668 | FK5: 155645719 | FL5: 120770881 | FM5: 87179219 | FN5: 0 | FO5: 203659609 | FP5: 215978994 | FQ5: 177550447 | FR5: 154512079 | FS5: 136073166 | FT5: 270860005 | FU5: 0 | FV5: 167166353 | FW5: 248376586 | FX5: 118517431 | FY5: 159506824 | FZ5: 185462826 | GA5: 202796572 | GB5: 0 | GC5: 149108242 | GD5: 237967946 | GE5: 115678666 | GF5: 187178748 | GG5: 228264579 | GH5: 143177430 | GI5: 0 | GJ5: 199801156 | GK5: 188762368 | GL5: 222799544 | GM5: 147527017 | GN5: 149995271 | GO5: 185660206 | GP5: 0 | GQ5: 99617749 | GR5: 225618510 | GS5: 104650380 | GT5: 167075997 | GU5: 145172688 | GV5: 186948372 | GW5: 0 | GX5: 259925151 | GY5: 241652412 | GZ5: 281772530 | HA5: 225133017 | HB5: 276088566 | HC5: 105869306 | HD5: 0 | HE5: 217164398 | HF5: 333535447 | HG5: 143936837 | HH5: 206057936 | HI5: 151950671 | HJ5: 157424883 | HK5: 0 | HL5: 255679037 | HM5: 250131839 | HN5: 215704617 | HO5: 211903562 | HP5: 230739812 | HQ5: 127357739 | HR5: 0 | HS5: 215939932 | HT5: 196057844 | HU5: 253201266 | HV5: 197450261 | HW5: 197340081 | HX5: 206753420 | HY5: 0 | HZ5: 192502272 | IA5: 281009721 | IB5: 195900666 | IC5: 193253111 | ID5: 200495293 | IE5: 89491240 | IF5: 0 | IG5: 165395556 | IH5: 212676273 | II5: 169738938 | IJ5: 149726669 | IK5: 128178234 | IL5: 201709499 | IM5: 0 | IN5: 214434132 | IO5: 136286551 | IP5: 180820386 | IQ5: 151602684 | IR5: 199698742 | IS5: 98421949 | IT5: 0 | IU5: 231614046 | IV5: 123610711 | IW5: 129527474 | IX5: 209026167 | IY5: 134752576 | IZ5: 149333530 | JA5: 0 | JB5: 7183802 | JC5: 0 | JD5: 276763223 | JE5: 278101050 | JF5: 175066589 | JG5: 133221165 | JH5: 0 | JI5: 184651852 | JJ5: 188568544 | JK5: 159840421 | JL5: 165435263 | JM5: 161463678 | JN5: 228311376 | JO5: 0 | JP5: 220320775 | JQ5: 195861376 | JR5: 163667804 | JS5: 97349823 | JT5: 146768916 | JU5: 99989840 | JV5: 0 | JW5: 185883086 | JX5: 158824147 | JY5: 102783809 | JZ5: 193835329 | KA5: 83207612 | KB5: 148754215 | KC5: 5465 | KD5: 163968483 | KE5: 167495675 | KF5: 102014594 | KG5: 127159575 | KH5: 144164739 | KI5: 127238315 | KJ5: 6065 | KK5: 240315378 | KL5: 210008248 | KM5: 69264267 | KN5: 145126521 | KO5: 125207862 | KP5: 115322468 | KQ5: 4492 | KR5: 194971076 | KS5: 196825271 | KT5: 118266775 | KU5: 174312837 | KV5: 192027816 | KW5: 124119886 | KX5: 5306 | KY5: 99142335 | KZ5: 233616357 | LA5: 135861722 | LB5: 115127741 | LC5: 129095108 | LD5: 176597868 | LE5: 6163 | LF5: 174439258 | LG5: 63853767 | LH5: 93439003 | LI5: 118916913 | LJ5: 118854496 | LK5: 86620721 | LL5: 6719 | LM5: 120129211 | LN5: 169520127 | LO5: 188379182 | LP5: 83479389 | LQ5: 75593930 | LR5: 104995483 | LS5: 5023 | LT5: 144427881 | LU5: 137567940 | LV5: 67679597 | LW5: 158242347 | LX5: 103489939 | LY5: 164421548 | LZ5: 5548 | MA5: 248739951 | MB5: 100792945 | MC5: 73638451 | MD5: 141237644 | ME5: 78618186 | MF5: 56877447 | MG5: 6197 | MH5: 120644363 | MI5: 107731574 | MJ5: 115606598 | MK5: 96919835 | ML5: 79630676 | MM5: 59731191 | MN5: 6768 | MO5: 262132784 | MP5: 208863860 | MQ5: 161706200 | MR5: 206220382 | MS5: 121857653 | MT5: 93144039 | MU5: 0 | MV5: 158310261 | MW5: 118937700 | MX5: 146597109 | MY5: 113946282 | MZ5: 179255618 | NA5: 146339600 | NB5: 0 | NC5: 193072933 | ND5: 201266055 | NE5: 166086446 | NF5: 174838058 | NG5: 242024970 | NH5: 235371496 | NI5: 125201829 | NJ5: 336021288 | NK5: 134524250 | NL5: 111051892 | NM5: 89555941 | NN5: 36254683 | NO5: 72414861 | NP5: 7081 | NQ5: 184578711 | NR5: 217812105 | NS5: 88182369 | NW5: HMTD | NX5: =SUM(S5:AW5) -> 3366177069 | NY5: =SUM(AX5:BY5) -> 5014441120 | NZ5: =SUM(BZ5:DD5) -> 5446985011 | OA5: =SUM(DE5:EH5) -> 4519747708 | OB5: =SUM(EI5:FM5) -> 4243984575 | OC5: =SUM(FN5:GQ5) -> 4495999814 | OD5: =SUM(GR5:HV5) -> 5584143010 | OE5: =SUM(HW5:JA5) -> 4543299921 | OF5: =SUM(JB5:KE5) -> 4087323318 | OG5: =SUM(KF5:LJ5) -> 3865312222 | OH5: =SUM(LK5:MN5) -> 2884746411 | OI5: =SUM(MO5:NS5) -> 4525576456 | OJ5: =SUM(NX5:OI5) -> 52577736635 | OK5: =NX5+NY5+NZ5 -> 13827603200 | OL5: =OA5+OB5+OC5 -> 13259732097 | OM5: =OD5+OE5+OF5 -> 14214766249 | ON5: =OG5+OH5+OI5 -> 11275635089 | OQ5: 101203131 | OR5: 69355503 | OT5: 121336101 | OU5: 195093750 | OV5: 169221986 | OW5: 122004718 | OX5: 75668487 | OY5: 179826451 | PA5: 121769517 | PB5: 231254163 | PC5: 105998750 | PD5: 137006701 | PE5: 109761391 | PF5: 122015067 | PH5: 120667514
C6: REF | D6: =P24 -> 355 | E6: =P20 -> 19.12 | F6: =P32 -> 2921 | G6: =P28 -> 2712 | H6: =P40 -> 0 | I6: =P36 -> 0 | J6: =SUM(D6:I6) -> 6007.12 | L6: =M6/N6 -> 0.094218112 | M6: =D4/10^3 -> 2.27 | N6: =SUM(OP6:PT6)/10^9 -> 24.093032 | O6: =(Q6*1000-N6)/(31-DAY(TODAY())) -> 4497.2233 | P6: HMTD | Q6: 49.493549 | R6: =N6/Q6 -> 0.48679136 | S6: 440155304 | T6: 1206281973 | U6: 1043485963 | V6: 1001630757 | W6: 697723412 | X6: 1196738788 | Y6: 1149681295 | Z6: 1182113974 | AA6: 957963988 | AB6: 1151017728 | AC6: 1426044369 | AD6: 628375755 | AE6: 1069187650 | AF6: 848752603 | AG6: 955304429 | AH6: 893356419 | AI6: 974948862 | AJ6: 1056510244 | AK6: 686762178 | AL6: 1121322072 | AM6: 951589647 | AN6: 968811588 | AO6: 1011770446 | AP6: 897131205 | AQ6: 1188400000 | AR6: 600916939 | AS6: 839132533 | AT6: 584333466 | AU6: 119254004 | AV6: 273586919 | AW6: 413648485 | AX6: 373285978 | AY6: 122443489 | AZ6: 1141361332 | BA6: 911145795 | BB6: 950472634 | BC6: 881722675 | BD6: 1268922191 | BE6: 1339097915 | BF6: 485485780 | BG6: 1457435344 | BH6: 1036680647 | BI6: 1081299128 | BJ6: 1030091718 | BK6: 1178632419 | BL6: 1410775136 | BM6: 720173743 | BN6: 1618640911 | BO6: 1618852211 | BP6: 1234948279 | BQ6: 1341741604 | BR6: 1133112955 | BS6: 1704104231 | BT6: 630135552 | BU6: 1531082128 | BV6: 1327932414 | BW6: 1184552383 | BX6: 1022100152 | BY6: 998515712 | BZ6: 1436504471 | CA6: 755797032 | CB6: 1231121754 | CC6: 1476741974 | CD6: 1338380320 | CE6: 1199196130 | CF6: 1686428757 | CG6: 1456358832 | CH6: 660303688 | CI6: 1270889239 | CJ6: 1357778472 | CK6: 1444806114 | CL6: 1298658587 | CM6: 1168660162 | CN6: 1604169677 | CO6: 592185364 | CP6: 1305070327 | CQ6: 1145669451 | CR6: 1413578909 | CS6: 1068345149 | CT6: 1238613606 | CU6: 1544518796 | CV6: 811907515 | CW6: 1405615621 | CX6: 1165839987 | CY6: 1346241219 | CZ6: 1220908188 | DA6: 1555246444 | DB6: 1715150921 | DC6: 482092137 | DD6: 1572337568 | DE6: 1128222248 | DF6: 1336202654 | DG6: 1205323077 | DH6: 1202342348 | DI6: 1480693683 | DJ6: 729880343 | DK6: 478991516 | DL6: 1355109265 | DM6: 1330072490 | DN6: 1259611805 | DO6: 1234223951 | DP6: 1508827801 | DQ6: 604036668 | DR6: 1255702881 | DS6: 1030637967 | DT6: 1156402367 | DU6: 1358232748 | DV6: 1348296007 | DW6: 1712854533 | DX6: 642057198 | DY6: 1287285224 | DZ6: 1281781983 | EA6: 1000272381 | EB6: 1323309640 | EC6: 1230345012 | ED6: 1115938376 | EE6: 602454398 | EF6: 1171033447 | EG6: 1418067530 | EH6: 418432226 | EI6: 356844012 | EJ6: 1143322243 | EK6: 1118195109 | EL6: 936617012 | EM6: 1223340882 | EN6: 1261908943 | EO6: 1093158547 | EP6: 1003356014 | EQ6: 1769475018 | ER6: 1304028049 | ES6: 635112837 | ET6: 1276374844 | EU6: 1202224909 | EV6: 1292571660 | EW6: 1278571660 | EX6: 1407171660 | EY6: 1287300000 | EZ6: 482407442 | FA6: 1334405871 | FB6: 1347140075 | FC6: 1398348286 | FD6: 1008741654 | FE6: 1243206762 | FF6: 1440649661 | FG6: 574078635 | FH6: 1376475704 | FI6: 1294168734 | FJ6: 1214902363 | FK6: 1312771660 | FL6: 1162571660 | FM6: 1277000000 | FN6: 721000000 | FO6: 1000715637 | FP6: 992012833 | FQ6: 1470803404 | FR6: 1179873772 | FS6: 1149747988 | FT6: 1596107377 | FU6: 482833855 | FV6: 1345923764 | FW6: 1539915318 | FX6: 1147295026 | FY6: 1314245351 | FZ6: 1587895026 | GA6: 1222000000 | GB6: 455000000 | GC6: 1355195026 | GD6: 1377495026 | GE6: 1396001793 | GF6: 1279769177 | GG6: 1437669954 | GH6: 1427488907 | GI6: 764145177 | GJ6: 1277675574 | GK6: 1597537326 | GL6: 1382026694 | GM6: 1193338140 | GN6: 954487748 | GO6: 1242361052 | GP6: 868257717 | GQ6: 1488065928 | GR6: 1453255905 | GS6: 1215798866 | GT6: 1098598351 | GU6: 1193588012 | GV6: 1407587093 | GW6: 797691986 | GX6: 1691939615 | GY6: 1454805871 | GZ6: 1243353570 | HA6: 1432152194 | HB6: 1504378217 | HC6: 1930032894 | HD6: 809982599 | HE6: 1786843226 | HF6: 1684140522 | HG6: 1457933965 | HH6: 1577193937 | HI6: 1351119972 | HJ6: 1658132137 | HK6: 528398618 | HL6: 1379508062 | HM6: 1391617738 | HN6: 1357117932 | HO6: 1255302427 | HP6: 1459668080 | HQ6: 1414644432 | HR6: 865579282 | HS6: 1410613901 | HT6: 1495191801 | HU6: 1454731887 | HV6: 1133866075 | HW6: 1589733368 | HX6: 1681735201 | HY6: 1127942545 | HZ6: 1537779054 | IA6: 1652993546 | IB6: 1718896262 | IC6: 1330315250 | ID6: 1638853731 | IE6: 1616515002 | IF6: 785060798 | IG6: 1620005014 | IH6: 1561679951 | II6: 1380491348 | IJ6: 1508285556 | IK6: 1408876831 | IL6: 1480620722 | IM6: 665832302 | IN6: 1808729546 | IO6: 1259362424 | IP6: 1492851065 | IQ6: 1027984356 | IR6: 1570442847 | IS6: 1489546404 | IT6: 807679210 | IU6: 1688249325 | IV6: 1375955603 | IW6: 1640001766 | IX6: 1311847797 | IY6: 1382632016 | IZ6: 1465000000 | JA6: 597000000 | JB6: 1424311770 | JC6: 563409521 | JD6: 511597125 | JE6: 1621305151 | JF6: 1560560629 | JG6: 1492588111 | JH6: 709454780 | JI6: 1261080214 | JJ6: 1384139331 | JK6: 1248235115 | JL6: 1317586235 | JM6: 1325747653 | JN6: 1701450071 | JO6: 733519659 | JP6: 1236276509 | JQ6: 1460547149 | JR6: 1330418520 | JS6: 1182801807 | JT6: 1265459707 | JU6: 1661712297 | JV6: 852723120 | JW6: 1551369839 | JX6: 1370376252 | JY6: 1499311770 | JZ6: 1183504500 | KA6: 1595803030 | KB6: 1870022882 | KC6: 720469440 | KD6: 1469407092 | KE6: 1562383459 | KF6: 1609162429 | KG6: 1708162429 | KH6: 1242821033 | KI6: 1703823715 | KJ6: 1097109920 | KK6: 2333735069 | KL6: 1436592995 | KM6: 1660579644 | KN6: 1731223561 | KO6: 1585546058 | KP6: 1952668434 | KQ6: 883228275 | KR6: 1777637866 | KS6: 1609595523 | KT6: 1807266012 | KU6: 1430538687 | KV6: 1725318380 | KW6: 2036944584 | KX6: 730029136 | KY6: 1395161714 | KZ6: 1561635147 | LA6: 1499935617 | LB6: 1742956953 | LC6: 1430450675 | LD6: 1844567465 | LE6: 917192143 | LF6: 1431909377 | LG6: 1429091529 | LH6: 1717876204 | LI6: 1783336774 | LJ6: 1580813985 | LK6: 2066100680 | LL6: 931604564 | LM6: 1360393680 | LN6: 1542672467 | LO6: 1481555840 | LP6: 1389304118 | LQ6: 1439673462 | LR6: 1872265821 | LS6: 744929273 | LT6: 1473979675 | LU6: 1926597366 | LV6: 1273747376 | LW6: 1200274940 | LX6: 1511659476 | LY6: 1774519170 | LZ6: 728977257 | MA6: 1714288827 | MB6: 1692443895 | MC6: 1348190893 | MD6: 1172078957 | ME6: 1508591045 | MF6: 1772141555 | MG6: 742127723 | MH6: 1632548116 | MI6: 1298340018 | MJ6: 1409226104 | MK6: 1461848634 | ML6: 1443490199 | MM6: 1573372626 | MN6: 859437842 | MO6: 1440006188 | MP6: 1827687856 | MQ6: 1233057835 | MR6: 1546089086 | MS6: 1521492569 | MT6: 1740865212 | MU6: 689474126 | MV6: 1698755504 | MW6: 1612742803 | MX6: 1999263387 | MY6: 1554222134 | MZ6: 1396546770 | NA6: 1623292122 | NB6: 797589359 | NC6: 1522124639 | ND6: 1453703275 | NE6: 1684681439 | NF6: 1434741542 | NG6: 1334102594 | NH6: 1531037856 | NI6: 709269147 | NJ6: 1595726665 | NK6: 1365644813 | NL6: 1303789089 | NM6: 1545980978 | NN6: 1467453890 | NO6: 1474595188 | NP6: 640463785 | NQ6: 1417479535 | NR6: 1780109711 | NS6: 1263433305 | NW6: HMGKD | NX6: =SUM(S6:AW6) -> 27535932995 | NY6: =SUM(AX6:BY6) -> 30734744456 | NZ6: =SUM(BZ6:DD6) -> 38969116411 | OA6: =SUM(DE6:EH6) -> 34206641767 | OB6: =SUM(EI6:FM6) -> 36056441906 | OC6: =SUM(FN6:GQ6) -> 36246884590 | OD6: =SUM(GR6:HV6) -> 41894769167 | OE6: =SUM(HW6:JA6) -> 43222898840 | OF6: =SUM(JB6:KE6) -> 38667572738 | OG6: =SUM(KF6:LJ6) -> 48396911333 | OH6: =SUM(LK6:MN6) -> 42346381599 | OI6: =SUM(MO6:NS6) -> 44205422402 | OJ6: =SUM(NX6:OI6) -> 462483718204 | OK6: =NX6+NY6+NZ6 -> 97239793862 | OL6: =OA6+OB6+OC6 -> 106509968263 | OM6: =OD6+OE6+OF6 -> 123785240745 | ON6: =OG6+OH6+OI6 -> 134948715334 | OP6: 562779688 | OQ6: 1555102280 | OR6: 1293003605 | OS6: 734776436 | OT6: 1482691932 | OU6: 1286390851 | OV6: 1404954793 | OW6: 1263701899 | OX6: 1363106874 | OY6: 1485079740 | OZ6: 915727708 | PA6: 1728036816 | PB6: 1588171759 | PC6: 1356661215 | PD6: 1438352299 | PE6: 1555968420 | PF6: 1407618430 | PG6: 643189663 | PH6: 1027717835
B7: B2C | C7: Organic | D7: =P25 -> 1470 | E7: =P21 -> 885.07 | F7: =P33 -> 1268 | G7: =P29 -> 3283 | H7: =P41 -> 343 | I7: =P37 -> 0 | J7: =SUM(D7:I7) -> 7249.07 | L7: =M7/N7 -> 0 | M7: =I4/10^3 -> 0 | N7: =SUM(OP7:PT7)/10^9 -> 0.92378009 | O7: =(Q7*1000-N7)/(31-DAY(TODAY())) -> 628.31002 | P7: HMGKD | Q7: 6.912334 | R7: =N7/Q7 -> 0.13364228 | S7: 0 | T7: 207826005 | U7: 102569142 | V7: 129389304 | W7: 3292903 | X7: 53546447 | Y7: 74214732 | Z7: 129029501 | AA7: 172984133 | AB7: 139326300 | AC7: 211620120 | AD7: 1691941 | AE7: 66380381 | AF7: 87152030 | AG7: 222648773 | AH7: 163525660 | AI7: 113225735 | AJ7: 180624631 | AK7: 1810192 | AL7: 96264572 | AM7: 105129239 | AN7: 154964399 | AO7: 84191618 | AP7: 176069873 | AQ7: 35252809 | AR7: 3728890 | AS7: 0 | AT7: 0 | AU7: 0 | AV7: 0 | AW7: 0 | AX7: 0 | AY7: 0 | AZ7: 29722263 | BA7: 30177362 | BB7: 39228706 | BC7: 160189122 | BD7: 195206253 | BE7: 279321017 | BF7: 2046690 | BG7: 129562488 | BH7: 150949357 | BI7: 221092500 | BJ7: 139366888 | BK7: 105591636 | BL7: 146242651 | BM7: 3918760 | BN7: 82780022 | BO7: 126433168 | BP7: 132319207 | BQ7: 79180632 | BR7: 102493231 | BS7: 238886507 | BT7: 2347254 | BU7: 131354817 | BV7: 139392745 | BW7: 165774699 | BX7: 164858490 | BY7: 357688349 | BZ7: 142495381 | CA7: 5509733 | CB7: 142721949 | CC7: 129222245 | CD7: 178239646 | CE7: 104288265 | CF7: 87005540 | CG7: 149508536 | CH7: 3562613 | CI7: 275298690 | CJ7: 161122332 | CK7: 181516095 | CL7: 121525466 | CM7: 220727536 | CN7: 218470378 | CO7: 4902578 | CP7: 182199538 | CQ7: 139975585 | CR7: 145840754 | CS7: 97299256 | CT7: 97382780 | CU7: 111629571 | CV7: 4798082 | CW7: 158547573 | CX7: 84972610 | CY7: 109803120 | CZ7: 85823937 | DA7: 174632257 | DB7: 137161992 | DC7: 2447721 | DD7: 298318019 | DE7: 175650853 | DF7: 91482630 | DG7: 191571350 | DH7: 179171550 | DI7: 255598522 | DJ7: 2110872 | DK7: 0 | DL7: 145014570 | DM7: 209911418 | DN7: 122648205 | DO7: 164848255 | DP7: 139995383 | DQ7: 1709036 | DR7: 81136838 | DS7: 197310017 | DT7: 109269535 | DU7: 152884654 | DV7: 121412257 | DW7: 224749504 | DX7: 2801078 | DY7: 81184362 | DZ7: 128963798 | EA7: 162544870 | EB7: 163617758 | EC7: 103438812 | ED7: 157319068 | EE7: 0 | EF7: 201130385 | EG7: 144331390 | EH7: 0 | EI7: 0 | EJ7: 70132166 | EK7: 62062928 | EL7: 0 | EM7: 98734585 | EN7: 87463542 | EO7: 107401785 | EP7: 113010280 | EQ7: 78344541 | ER7: 106273077 | ES7: 0 | ET7: 170782548 | EU7: 102488443 | EV7: 134520819 | EW7: 179132580 | EX7: 208663664 | EY7: 56856676 | EZ7: 0 | FA7: 77111604 | FB7: 214964695 | FC7: 107755423 | FD7: 52240931 | FE7: 105721486 | FF7: 44893785 | FG7: 0 | FH7: 61236549 | FI7: 126425045 | FJ7: 70859611 | FK7: 153424243 | FL7: 57302056 | FM7: 87047009 | FN7: 0 | FO7: 143572959 | FP7: 120040888 | FQ7: 259552435 | FR7: 113028479 | FS7: 154894948 | FT7: 179592623 | FU7: 0 | FV7: 82084840 | FW7: 84139448 | FX7: 109087375 | FY7: 190099542 | FZ7: 63518887 | GA7: 170956844 | GB7: 0 | GC7: 90324015 | GD7: 126315266 | GE7: 172458559 | GF7: 220407493 | GG7: 45895627 | GH7: 167502304 | GI7: 0 | GJ7: 241215298 | GK7: 234260165 | GL7: 175744421 | GM7: 135660421 | GN7: 153813378 | GO7: 180662387 | GP7: 0 | GQ7: 152754601 | GR7: 121640150 | GS7: 111675714 | GT7: 60348715 | GU7: 57908201 | GV7: 85888065 | GW7: 0 | GX7: 112780433 | GY7: 88306839 | GZ7: 54373666 | HA7: 116133556 | HB7: 110868345 | HC7: 142549709 | HD7: 0 | HE7: 141775231 | HF7: 165836352 | HG7: 91620814 | HH7: 150299946 | HI7: 155507212 | HJ7: 199720620 | HK7: 0 | HL7: 186631236 | HM7: 136815942 | HN7: 156540446 | HO7: 272472055 | HP7: 139897735 | HQ7: 123699265 | HR7: 0 | HS7: 183236324 | HT7: 81606853 | HU7: 283808787 | HV7: 138838635 | HW7: 215497891 | HX7: 131272640 | HY7: 0 | HZ7: 149629852 | IA7: 166408851 | IB7: 163898130 | IC7: 55559055 | ID7: 86958209 | IE7: 110890115 | IF7: 0 | IG7: 196496132 | IH7: 166581818 | II7: 98649055 | IJ7: 114214015 | IK7: 288153192 | IL7: 122535922 | IM7: 0 | IN7: 96430070 | IO7: 168273913 | IP7: 95249468 | IQ7: 90002148 | IR7: 95215582 | IS7: 110851583 | IT7: 0 | IU7: 87485109 | IV7: 148461597 | IW7: 32901530 | IX7: 69550693 | IY7: 92656337 | IZ7: 250541754 | JA7: 0 | JB7: 0 | JC7: 0 | JD7: 74386228 | JE7: 72603263 | JF7: 130668490 | JG7: 130989354 | JH7: 0 | JI7: 65170465 | JJ7: 45140696 | JK7: 66180420 | JL7: 92619050 | JM7: 90242040 | JN7: 85785427 | JO7: 0 | JP7: 87598142 | JQ7: 109664615 | JR7: 92160970 | JS7: 62974122 | JT7: 52812126 | JU7: 74944163 | JV7: 0 | JW7: 55240108 | JX7: 104294112 | JY7: 89548201 | JZ7: 62037376 | KA7: 194753739 | KB7: 144711053 | KC7: 0 | KD7: 62808581 | KE7: 129014572 | KF7: 71876565 | KG7: 44782059 | KH7: 86116550 | KI7: 125755776 | KJ7: 0 | KK7: 153565793 | KL7: 67191658 | KM7: 165932826 | KN7: 78621612 | KO7: 47885145 | KP7: 98338932 | KQ7: 0 | KR7: 97268400 | KS7: 84397439 | KT7: 51954450 | KU7: 91377272 | KV7: 151291063 | KW7: 178280892 | KX7: 0 | KY7: 85240389 | KZ7: 79005627 | LA7: 105062028 | LB7: 44745209 | LC7: 194397537 | LD7: 122928718 | LE7: 0 | LF7: 72083324 | LG7: 76088908 | LH7: 43224872 | LI7: 69119081 | LJ7: 127443714 | LK7: 179019118 | LL7: 0 | LM7: 32672953 | LN7: 100674265 | LO7: 96217529 | LP7: 99178875 | LQ7: 74856531 | LR7: 142918470 | LS7: 0 | LT7: 93875771 | LU7: 76226792 | LV7: 40723631 | LW7: 53725489 | LX7: 58378554 | LY7: 68551319 | LZ7: 0 | MA7: 114671931 | MB7: 145388610 | MC7: 167041709 | MD7: 38114225 | ME7: 90629495 | MF7: 263257838 | MG7: 0 | MH7: 63102296 | MI7: 196104443 | MJ7: 37122420 | MK7: 88832154 | ML7: 124371771 | MM7: 57884411 | MN7: 0 | MO7: 112035774 | MP7: 169249502 | MQ7: 53500319 | MR7: 78918654 | MS7: 100602428 | MT7: 53942415 | MU7: 0 | MV7: 107448319 | MW7: 84921615 | MX7: 67105016 | MY7: 75808356 | MZ7: 79768456 | NA7: 83370167 | NB7: 0 | NC7: 133559638 | ND7: 85042949 | NE7: 28617946 | NF7: 142422002 | NG7: 112097804 | NH7: 102120372 | NI7: 0 | NJ7: 123549037 | NK7: 89100023 | NL7: 88379194 | NM7: 115694875 | NN7: 55437442 | NO7: 88838970 | NP7: 0 | NQ7: 146642022 | NR7: 72074362 | NS7: 36472631 | NW7: HPEC | NX7: =SUM(S7:AW7) -> 2716459330 | NY7: =SUM(AX7:BY7) -> 3356124814 | NZ7: =SUM(BZ7:DD7) -> 3956949778 | OA7: =SUM(DE7:EH7) -> 3711806970 | OB7: =SUM(EI7:FM7) -> 2734850071 | OC7: =SUM(FN7:GQ7) -> 3767583203 | OD7: =SUM(GR7:HV7) -> 3670780846 | OE7: =SUM(HW7:JA7) -> 3404364661 | OF7: =SUM(JB7:KE7) -> 2176347313 | OG7: =SUM(KF7:LJ7) -> 2613975839 | OH7: =SUM(LK7:MN7) -> 2503540600 | OI7: =SUM(MO7:NS7) -> 2486720288 | OJ7: =SUM(NX7:OI7) -> 37099503713 | OK7: =NX7+NY7+NZ7 -> 10029533922 | OL7: =OA7+OB7+OC7 -> 10214240244 | OM7: =OD7+OE7+OF7 -> 9251492820 | ON7: =OG7+OH7+OI7 -> 7604236727 | OQ7: 68860066 | OR7: 54240221 | OT7: 37305716 | OU7: 131248361 | OV7: 95576409 | OW7: 13792087 | OX7: 91098506 | OY7: 39824005 | PA7: 29187045 | PB7: 36178171 | PC7: 57360411 | PD7: 52347721 | PE7: 35276613 | PF7: 107015259 | PH7: 74469499
B8: B2C | C8: Ads | J8: =SUM(D8:I8) -> 0 | L8: =M8/N8 -> 6.86 | M8: =P41/10^3 -> 0.343 | N8: =SUM(OP8:PT8)/10^9 -> 0.05 | O8: =(Q8*1000-N8)/(31-DAY(TODAY())) -> 557.51424 | P8: HPEC | Q8: 6.1327066 | R8: =N8/Q8 -> 0.008153007 | S8: 0 | T8: 116903792 | U8: 94369364 | V8: 227411308 | W8: 33388365 | X8: 127088905 | Y8: 187585734 | Z8: 147159058 | AA8: 123630315 | AB8: 134627219 | AC8: 244672800 | AD8: 43743627 | AE8: 214966232 | AF8: 168356515 | AG8: 149309483 | AH8: 79773678 | AI8: 152709920 | AJ8: 259876737 | AK8: 37963913 | AL8: 132100990 | AM8: 207238819 | AN8: 162914691 | AO8: 154311088 | AP8: 146444919 | AQ8: 133493445 | AR8: 0 | AS8: 0 | AT8: 0 | AU8: 0 | AV8: 0 | AW8: 0 | AX8: 0 | AY8: 0 | AZ8: 97303348 | BA8: 188216903 | BB8: 122565281 | BC8: 61616143 | BD8: 261774616 | BE8: 351726309 | BF8: 71867905 | BG8: 141072951 | BH8: 269355878 | BI8: 224404097 | BJ8: 139977313 | BK8: 243737364 | BL8: 356646509 | BM8: 30019921 | BN8: 232582160 | BO8: 188389944 | BP8: 156757377 | BQ8: 149151618 | BR8: 163589716 | BS8: 289221939 | BT8: 52406567 | BU8: 201415256 | BV8: 203277826 | BW8: 139895217 | BX8: 111469124 | BY8: 161568841 | BZ8: 275725605 | CA8: 49511213 | CB8: 142690057 | CC8: 177561708 | CD8: 122147127 | CE8: 152813803 | CF8: 122996360 | CG8: 391835658 | CH8: 34560661 | CI8: 155554812 | CJ8: 202856013 | CK8: 229585359 | CL8: 108769323 | CM8: 161892207 | CN8: 279709520 | CO8: 43232730 | CP8: 162277039 | CQ8: 146229873 | CR8: 149501872 | CS8: 162721610 | CT8: 189649280 | CU8: 240112278 | CV8: 65463234 | CW8: 173648326 | CX8: 197628689 | CY8: 83074511 | CZ8: 176067224 | DA8: 246275786 | DB8: 228598960 | DC8: 32786813 | DD8: 192729644 | DE8: 203232538 | DF8: 113459937 | DG8: 113110375 | DH8: 289970593 | DI8: 215014468 | DJ8: 30768967 | DK8: 0 | DL8: 178695704 | DM8: 147920727 | DN8: 133747664 | DO8: 136064718 | DP8: 296115749 | DQ8: 37536841 | DR8: 136000980 | DS8: 184239654 | DT8: 190207471 | DU8: 172777965 | DV8: 199592658 | DW8: 275138951 | DX8: 40142199 | DY8: 187152062 | DZ8: 209086587 | EA8: 199388340 | EB8: 170299641 | EC8: 140794389 | ED8: 205817791 | EE8: 31671019 | EF8: 124726458 | EG8: 157220875 | EH8: 0 | EI8: 0 | EJ8: 116016455 | EK8: 216379523 | EL8: 63085473 | EM8: 192650767 | EN8: 206157391 | EO8: 119022959 | EP8: 132138446 | EQ8: 127252204 | ER8: 227199417 | ES8: 48919704 | ET8: 179769207 | EU8: 295021062 | EV8: 141148674 | EW8: 133659378 | EX8: 221768246 | EY8: 310163716 | EZ8: 46487788 | FA8: 180929324 | FB8: 151407464 | FC8: 186398378 | FD8: 112635588 | FE8: 154494934 | FF8: 299246892 | FG8: 63436388 | FH8: 173623325 | FI8: 176317574 | FJ8: 139727606 | FK8: 145730408 | FL8: 183813143 | FM8: 300541955 | FN8: 40062105 | FO8: 249445599 | FP8: 194345211 | FQ8: 154791017 | FR8: 231350422 | FS8: 151066890 | FT8: 207082464 | FU8: 40002508 | FV8: 218740502 | FW8: 164576357 | FX8: 139847027 | FY8: 109917900 | FZ8: 177173256 | GA8: 244072017 | GB8: 60430469 | GC8: 154284597 | GD8: 234466625 | GE8: 135100720 | GF8: 160056474 | GG8: 179178236 | GH8: 293000963 | GI8: 58730407 | GJ8: 255066105 | GK8: 195854466 | GL8: 104960826 | GM8: 161049352 | GN8: 130222503 | GO8: 215974639 | GP8: 64123942 | GQ8: 159570884 | GR8: 161152254 | GS8: 134678922 | GT8: 118798944 | GU8: 139767633 | GV8: 256662337 | GW8: 62635577 | GX8: 163263725 | GY8: 203390887 | GZ8: 116487504 | HA8: 215718076 | HB8: 135692870 | HC8: 296811693 | HD8: 29382730 | HE8: 163593522 | HF8: 196301424 | HG8: 124504471 | HH8: 167197847 | HI8: 218918693 | HJ8: 207076959 | HK8: 76261510 | HL8: 144127762 | HM8: 173261934 | HN8: 149827553 | HO8: 167820819 | HP8: 152128140 | HQ8: 262767386 | HR8: 44479449 | HS8: 122227445 | HT8: 192252479 | HU8: 143056951 | HV8: 159137616 | HW8: 214077420 | HX8: 286573269 | HY8: 4596329 | HZ8: 192601842 | IA8: 201445505 | IB8: 224049325 | IC8: 208047240 | ID8: 174627045 | IE8: 120329946 | IF8: 36057170 | IG8: 195307891 | IH8: 204236745 | II8: 128691564 | IJ8: 128691564 | IK8: 128691564 | IL8: 0 | IM8: 0 | IN8: 128691564 | IO8: 128691564 | IP8: 128691564 | IQ8: 128691564 | IR8: 128691564 | IS8: 0 | IT8: 0 | IU8: 128691564 | IV8: 128691564 | IW8: 128691564 | IX8: 128691564 | IY8: 128691564 | IZ8: 0 | JA8: 0 | JB8: 227401627 | JC8: 0 | JD8: 0 | JE8: 227401627 | JF8: 227401627 | JG8: 0 | JH8: 0 | JI8: 227401627 | JJ8: 227401627 | JK8: 227401627 | JL8: 227401627 | JM8: 227401627 | JN8: 0 | JO8: 0 | JP8: 227401627 | JQ8: 227401627 | JR8: 227401627 | JS8: 227401627 | JT8: 227401627 | JU8: 0 | JV8: 0 | JW8: 227401627 | JX8: 227401627 | JY8: 227401627 | JZ8: 227401627 | KA8: 227401627 | KB8: 0 | KC8: 0 | KD8: 227401627 | KE8: 227401627 | KF8: 217713962 | KG8: 217713962 | KH8: 217713962 | KI8: 0 | KJ8: 0 | KK8: 217713962 | KL8: 217713962 | KM8: 217713962 | KN8: 217713962 | KO8: 217713962 | KP8: 0 | KQ8: 0 | KR8: 217713962 | KS8: 217713962 | KT8: 217713962 | KU8: 217713962 | KV8: 217713962 | KW8: 0 | KX8: 0 | KY8: 217713962 | KZ8: 217713962 | LA8: 217713962 | LB8: 217713962 | LC8: 217713962 | LD8: 0 | LE8: 0 | LF8: 217713962 | LG8: 217713962 | LH8: 217713962 | LI8: 217713962 | LJ8: 217713962 | LK8: 0 | LL8: 0 | LM8: 257172073 | LN8: 257172073 | LO8: 257172073 | LP8: 257172073 | LQ8: 257172073 | LR8: 0 | LS8: 0 | LT8: 257172073 | LU8: 257172073 | LV8: 257172073 | LW8: 257172073 | LX8: 257172073 | LY8: 0 | LZ8: 0 | MA8: 257172073 | MB8: 257172073 | MC8: 257172073 | MD8: 257172073 | ME8: 257172073 | MF8: 0 | MG8: 0 | MH8: 257172073 | MI8: 257172073 | MJ8: 257172073 | MK8: 257172073 | ML8: 257172073 | MM8: 0 | MN8: 0 | MO8: 0 | MP8: 0 | MQ8: 0 | MR8: 0 | MS8: 0 | MT8: 0 | MU8: 0 | MV8: 0 | MW8: 0 | MX8: 0 | MY8: 0 | MZ8: 0 | NA8: 0 | NB8: 0 | NC8: 0 | ND8: 0 | NE8: 0 | NF8: 0 | NG8: 0 | NH8: 0 | NI8: 0 | NJ8: 0 | NK8: 0 | NL8: 0 | NM8: 0 | NN8: 0 | NO8: 0 | NP8: 0 | NQ8: 0 | NR8: 0 | NS8: 0 | NW8: HPH | NX8: =SUM(S8:AW8) -> 3480040917 | NY8: =SUM(AX8:BY8) -> 4610010123 | NZ8: =SUM(BZ8:DD8) -> 5098207295 | OA8: =SUM(DE8:EH8) -> 4519895321 | OB8: =SUM(EI8:FM8) -> 5045143389 | OC8: =SUM(FN8:GQ8) -> 4884544483 | OD8: =SUM(GR8:HV8) -> 4899385112 | OE8: =SUM(HW8:JA8) -> 3734940059 | OF8: =SUM(JB8:KE8) -> 4548032540 | OG8: =SUM(KF8:LJ8) -> 5007421126 | OH8: =SUM(LK8:MN8) -> 5143441460 | OI8: =SUM(MO8:NS8) -> 0 | OJ8: =SUM(NX8:OI8) -> 50971061825 | OK8: =NX8+NY8+NZ8 -> 13188258335 | OL8: =OA8+OB8+OC8 -> 14449583193 | OM8: =OD8+OE8+OF8 -> 13182357711 | ON8: =OG8+OH8+OI8 -> 10150862586 | OP8: 50000000
B9: B2C | C9: PHI | J9: =SUM(D9:I9) -> 0 | L9: =M9/(N8+N9) -> 0.30244398 | M9: =G4/10^3 -> 5.995 | N9: =SUM(OP9:PT9)/10^9 -> 19.771852 | O9: =(Q9*1000-N9)/(31-DAY(TODAY())) -> 3797.9225 | P9: HPH | Q9: 41.796919 | R9: =N9/Q9 -> 0.47304569 | S9: 296037543 | T9: 1560591209 | U9: 1176778498 | V9: 1111046014 | W9: 438411528 | X9: 1485306668 | Y9: 1036447698 | Z9: 1102991512 | AA9: 954359736 | AB9: 1166725792 | AC9: 1336340483 | AD9: 284530184 | AE9: 928460800 | AF9: 1029427788 | AG9: 837073021 | AH9: 964647895 | AI9: 1188807080 | AJ9: 1272320373 | AK9: 396722581 | AL9: 1018281626 | AM9: 811637098 | AN9: 779258134 | AO9: 1140282490 | AP9: 1120556414 | AQ9: 1095428305 | AR9: 424900510 | AS9: 624723234 | AT9: 515530774 | AU9: 204647368 | AV9: 303407457 | AW9: 304551548 | AX9: 210426782 | AY9: 242108114 | AZ9: 861652136 | BA9: 781023616 | BB9: 821192222 | BC9: 764319232 | BD9: 998373670 | BE9: 1126196338 | BF9: 260957417 | BG9: 1128844895 | BH9: 686190432 | BI9: 600712793 | BJ9: 694354946 | BK9: 772460489 | BL9: 1130901987 | BM9: 250640141 | BN9: 1404546747 | BO9: 1165387943 | BP9: 1367923716 | BQ9: 982312588 | BR9: 888443896 | BS9: 1200605501 | BT9: 260771839 | BU9: 1837558458 | BV9: 1300649528 | BW9: 1045721259 | BX9: 958000682 | BY9: 1074352874 | BZ9: 1152874480 | CA9: 225415010 | CB9: 1765552506 | CC9: 1129874513 | CD9: 861133519 | CE9: 1039374137 | CF9: 1566907085 | CG9: 1310462284 | CH9: 209672256 | CI9: 1465167909 | CJ9: 1432893355 | CK9: 1136419241 | CL9: 801598594 | CM9: 1131635685 | CN9: 1135790590 | CO9: 274078502 | CP9: 1214682754 | CQ9: 1124725582 | CR9: 1395936692 | CS9: 1154668714 | CT9: 1153935619 | CU9: 1195715708 | CV9: 245382177 | CW9: 1347453467 | CX9: 873386462 | CY9: 1103573417 | CZ9: 1200901397 | DA9: 867908958 | DB9: 1429679921 | DC9: 309951255 | DD9: 1235169173 | DE9: 753290776 | DF9: 781790971 | DG9: 1141137229 | DH9: 1298108307 | DI9: 1191249302 | DJ9: 251408064 | DK9: 233746148 | DL9: 1645803547 | DM9: 1074810386 | DN9: 972826479 | DO9: 1242832154 | DP9: 1443878556 | DQ9: 216079511 | DR9: 1281185531 | DS9: 1268142675 | DT9: 1027021254 | DU9: 985126556 | DV9: 1325476868 | DW9: 1241385400 | DX9: 214664410 | DY9: 967196797 | DZ9: 877781047 | EA9: 964263561 | EB9: 1008854733 | EC9: 1140688985 | ED9: 1191098902 | EE9: 338086997 | EF9: 1507400729 | EG9: 1221089016 | EH9: 223982116 | EI9: 235753437 | EJ9: 1229850515 | EK9: 709738760 | EL9: 196419633 | EM9: 1468867007 | EN9: 1231284453 | EO9: 1031134826 | EP9: 1199797888 | EQ9: 1064881652 | ER9: 1509211403 | ES9: 260662688 | ET9: 1474817094 | EU9: 1095525165 | EV9: 997247235 | EW9: 999266097 | EX9: 1184223716 | EY9: 1070789044 | EZ9: 247725057 | FA9: 1138578459 | FB9: 958078322 | FC9: 982419289 | FD9: 1249389605 | FE9: 1339190681 | FF9: 1364417402 | FG9: 384368788 | FH9: 1571832471 | FI9: 1101442179 | FJ9: 828301455 | FK9: 1054234142 | FL9: 886344746 | FM9: 1313692700 | FN9: 257690765 | FO9: 1504715619 | FP9: 1098026408 | FQ9: 787409409 | FR9: 1342022397 | FS9: 1158122191 | FT9: 1203292437 | FU9: 199184155 | FV9: 1149779324 | FW9: 993743147 | FX9: 1165462045 | FY9: 1153028209 | FZ9: 871121402 | GA9: 1126662121 | GB9: 263619389 | GC9: 1470077240 | GD9: 857548564 | GE9: 1090680393 | GF9: 1094933696 | GG9: 979128477 | GH9: 1200730782 | GI9: 345193441 | GJ9: 1431744813 | GK9: 1112970595 | GL9: 949717960 | GM9: 1211752213 | GN9: 998260924 | GO9: 1127745352 | GP9: 228078692 | GQ9: 980849146 | GR9: 826156966 | GS9: 1045908924 | GT9: 1008607212 | GU9: 1406089571 | GV9: 996577287 | GW9: 306559581 | GX9: 1128605624 | GY9: 1208964944 | GZ9: 1365872920 | HA9: 1198441470 | HB9: 1273281983 | HC9: 1226174769 | HD9: 325102933 | HE9: 1161120355 | HF9: 948928492 | HG9: 1472492048 | HH9: 1203076891 | HI9: 1207474997 | HJ9: 1282252428 | HK9: 281013979 | HL9: 1228280968 | HM9: 1060682842 | HN9: 1156819982 | HO9: 1124037874 | HP9: 1173469958 | HQ9: 1038007931 | HR9: 312221787 | HS9: 1326633711 | HT9: 1454159687 | HU9: 1028446664 | HV9: 809824308 | HW9: 959636018 | HX9: 1460759160 | HY9: 116293264 | HZ9: 487397910 | IA9: 735187649 | IB9: 599419112 | IC9: 687800873 | ID9: 780236681 | IE9: 1459668088 | IF9: 375397543 | IG9: 1027524909 | IH9: 759126074 | II9: 1006409918 | IJ9: 1210771608 | IK9: 1106295519 | IL9: 1509297708 | IM9: 364758751 | IN9: 871170666 | IO9: 937813398 | IP9: 852456688 | IQ9: 897049197 | IR9: 987452797 | IS9: 1682287719 | IT9: 351850325 | IU9: 1341933516 | IV9: 1006112759 | IW9: 992409938 | IX9: 1035822645 | IY9: 1098643776 | IZ9: 1741798575 | JA9: 415725176 | JB9: 379647128 | JC9: 372142959 | JD9: 1103258438 | JE9: 986910648 | JF9: 924925516 | JG9: 1466906676 | JH9: 333984047 | JI9: 1327867885 | JJ9: 1125833872 | JK9: 834404643 | JL9: 896854811 | JM9: 746367297 | JN9: 1542637209 | JO9: 362261494 | JP9: 1184301305 | JQ9: 1081569936 | JR9: 1465509969 | JS9: 1031803849 | JT9: 1084060023 | JU9: 1533426888 | JV9: 392549744 | JW9: 1569398957 | JX9: 980282656 | JY9: 1227237678 | JZ9: 1145727974 | KA9: 1070382401 | KB9: 1564349683 | KC9: 322099722 | KD9: 1190864319 | KE9: 1043823784 | KF9: 863774918 | KG9: 889018124 | KH9: 1108953638 | KI9: 1534491290 | KJ9: 535969170 | KK9: 1552537894 | KL9: 995456468 | KM9: 1075646180 | KN9: 910613752 | KO9: 1322687968 | KP9: 1974371137 | KQ9: 731313050 | KR9: 1221845688 | KS9: 907094018 | KT9: 1006368768 | KU9: 977385061 | KV9: 1202559451 | KW9: 1334865633 | KX9: 425406364 | KY9: 1303924806 | KZ9: 935439622 | LA9: 1036926706 | LB9: 797596213 | LC9: 984192491 | LD9: 1560503866 | LE9: 518814403 | LF9: 1417571923 | LG9: 1057662920 | LH9: 1023815292 | LI9: 819958248 | LJ9: 1224757103 | LK9: 1420132173 | LL9: 500915687 | LM9: 1301738609 | LN9: 829410652 | LO9: 634884994 | LP9: 903742542 | LQ9: 1050870846 | LR9: 2026135537 | LS9: 513823482 | LT9: 1254747467 | LU9: 1347417432 | LV9: 883704973 | LW9: 1012418039 | LX9: 677569129 | LY9: 1504557478 | LZ9: 384696716 | MA9: 1326666394 | MB9: 1069763572 | MC9: 1085301593 | MD9: 892013647 | ME9: 1145128273 | MF9: 1695179001 | MG9: 455456129 | MH9: 1352066433 | MI9: 991479076 | MJ9: 1006352911 | MK9: 1006829085 | ML9: 1037999080 | MM9: 2011915906 | MN9: 724273882 | MO9: 1451629361 | MP9: 1833359131 | MQ9: 1551998974 | MR9: 1288717091 | MS9: 1350274223 | MT9: 1567154528 | MU9: 580436096 | MV9: 1402439059 | MW9: 1011102389 | MX9: 1249642001 | MY9: 1213492360 | MZ9: 1152166465 | NA9: 1577801634 | NB9: 484418427 | NC9: 1376557502 | ND9: 1268458536 | NE9: 1384909226 | NF9: 1234477350 | NG9: 1305111014 | NH9: 1420025542 | NI9: 421783948 | NJ9: 1142167213 | NK9: 1014122652 | NL9: 997044637 | NM9: 1364145948 | NN9: 1120154403 | NO9: 1241593229 | NP9: 618490301 | NQ9: 1217240694 | NR9: 1426313340 | NS9: 1192554268 | NW9: HMSG | NX9: =SUM(S9:AW9) -> 26910231361 | NY9: =SUM(AX9:BY9) -> 24816630241 | NZ9: =SUM(BZ9:DD9) -> 32491920962 | OA9: =SUM(DE9:EH9) -> 29030407007 | OB9: =SUM(EI9:FM9) -> 31379485909 | OC9: =SUM(FN9:GQ9) -> 29353291306 | OD9: =SUM(GR9:HV9) -> 32585289086 | OE9: =SUM(HW9:JA9) -> 28858507960 | OF9: =SUM(JB9:KE9) -> 30291391511 | OG9: =SUM(KF9:LJ9) -> 33251522165 | OH9: =SUM(LK9:MN9) -> 32047190738 | OI9: =SUM(MO9:NS9) -> 37459781542 | OJ9: =SUM(NX9:OI9) -> 368475649788 | OK9: =NX9+NY9+NZ9 -> 84218782564 | OL9: =OA9+OB9+OC9 -> 89763184222 | OM9: =OD9+OE9+OF9 -> 91735188557 | ON9: =OG9+OH9+OI9 -> 102758494445 | OP9: 4.3964399e+08 | OQ9: 1149665863 | OR9: 9.648375e+08 | OS9: 4.132283e+08 | OT9: 1714452126 | OU9: 1539934718 | OV9: 9.3516929e+08 | OW9: 961052937 | OX9: 1183402025 | OY9: 1577577053 | OZ9: 5.2978244e+08 | PA9: 1455582129 | PB9: 1140662005 | PC9: 9.2968411e+08 | PD9: 1170648194 | PE9: 8.8482854e+08 | PF9: 1584439404 | PG9: 3.8729757e+08 | PH9: 8.0996421e+08
L10: =M10/N10 -> 0.058411458 | M10: =F4/10^3 -> 4.519 | N10: =SUM(OP10:PT10)/10^9 -> 77.364957 | O10: =(Q10*1000-N10)/(31-DAY(TODAY())) -> 12733.048 | P10: HMSG | Q10: 140.14089 | R10: =N10/Q10 -> 0.55205127 | S10: 1128491978 | T10: 3939030179 | U10: 3722172089 | V10: 3838725661 | W10: 1348409138 | X10: 3735392158 | Y10: 3099073413 | Z10: 3759823535 | AA10: 3550074548 | AB10: 3067342797 | AC10: 4602445166 | AD10: 1000311091 | AE10: 3977978909 | AF10: 3927557104 | AG10: 4719828660 | AH10: 3679734014 | AI10: 3034598413 | AJ10: 3293930125 | AK10: 1336564340 | AL10: 5824757837 | AM10: 4162775145 | AN10: 2900908665 | AO10: 3189771486 | AP10: 4039004478 | AQ10: 3257007661 | AR10: 1461795425 | AS10: 1232817320 | AT10: 1029739727 | AU10: 273916389 | AV10: 743913387 | AW10: 1270944239 | AX10: 623901550 | AY10: 260418042 | AZ10: 3719895502 | BA10: 3697916404 | BB10: 3932122872 | BC10: 3818528830 | BD10: 3923577814 | BE10: 3719650285 | BF10: 1459350162 | BG10: 4188783068 | BH10: 4429084307 | BI10: 3758012389 | BJ10: 4663810035 | BK10: 4420271570 | BL10: 5293945135 | BM10: 971527055 | BN10: 5022906250 | BO10: 4252659497 | BP10: 4917028190 | BQ10: 4519080411 | BR10: 4881503178 | BS10: 4036910573 | BT10: 1244707181 | BU10: 4900406716 | BV10: 4955945392 | BW10: 4825359467 | BX10: 3640930330 | BY10: 4986801922 | BZ10: 4302012718 | CA10: 1015017147 | CB10: 4791690398 | CC10: 3951686230 | CD10: 4289032081 | CE10: 4229889285 | CF10: 4343847886 | CG10: 4590360234 | CH10: 798759833 | CI10: 5176497656 | CJ10: 4345290570 | CK10: 4568895841 | CL10: 3974439713 | CM10: 4535476757 | CN10: 4236338889 | CO10: 1171893462 | CP10: 5504983662 | CQ10: 5630940237 | CR10: 5513035584 | CS10: 4762022766 | CT10: 5155863028 | CU10: 4546270890 | CV10: 1641627045 | CW10: 5163474181 | CX10: 3959781903 | CY10: 4559672777 | CZ10: 4249096983 | DA10: 4246577192 | DB10: 5146268765 | DC10: 1443298470 | DD10: 5812582011 | DE10: 4149285863 | DF10: 4434223491 | DG10: 4667780754 | DH10: 4297670363 | DI10: 5253841889 | DJ10: 1179617463 | DK10: 589552831 | DL10: 5885608102 | DM10: 5059989025 | DN10: 4924888017 | DO10: 3955438458 | DP10: 4322830289 | DQ10: 1044895777 | DR10: 4696353097 | DS10: 4536172716 | DT10: 4364466154 | DU10: 4836019103 | DV10: 4250743370 | DW10: 4289885541 | DX10: 1254425366 | DY10: 5173292480 | DZ10: 3315891591 | EA10: 4934883338 | EB10: 3543608440 | EC10: 4000579924 | ED10: 3739742871 | EE10: 951950218 | EF10: 4578526837 | EG10: 6006092146 | EH10: 2158843350 | EI10: 357717948 | EJ10: 4034860746 | EK10: 3463864468 | EL10: 1062940185 | EM10: 4908950727 | EN10: 4746530863 | EO10: 4736724145 | EP10: 4230811385 | EQ10: 4590135598 | ER10: 4960707517 | ES10: 1101623840 | ET10: 5329293533 | EU10: 4537939433 | EV10: 4067798526 | EW10: 5224429268 | EX10: 4288351182 | EY10: 5046266731 | EZ10: 877628677 | FA10: 5604049724 | FB10: 4526270326 | FC10: 4301686044 | FD10: 4910378284 | FE10: 4510497001 | FF10: 4156876883 | FG10: 1026669303 | FH10: 5380630475 | FI10: 5250059164 | FJ10: 3876623135 | FK10: 3964824554 | FL10: 4501103598 | FM10: 5613866860 | FN10: 1493483799 | FO10: 4165484805 | FP10: 4522935904 | FQ10: 4202181517 | FR10: 4445287230 | FS10: 4383093234 | FT10: 4736471793 | FU10: 1489292774 | FV10: 4477794595 | FW10: 4274075580 | FX10: 5433443595 | FY10: 4984695835 | FZ10: 4627249731 | GA10: 4764164679 | GB10: 1609956824 | GC10: 4971531995 | GD10: 4510473805 | GE10: 4380476888 | GF10: 4446856146 | GG10: 4561628991 | GH10: 4928841331 | GI10: 1091090290 | GJ10: 5519602040 | GK10: 4709667539 | GL10: 4760734872 | GM10: 4274693338 | GN10: 3632129220 | GO10: 5247274601 | GP10: 1133763278 | GQ10: 5212435640 | GR10: 4298516773 | GS10: 4200482843 | GT10: 4267925633 | GU10: 4448956159 | GV10: 5683695504 | GW10: 1229253735 | GX10: 5137863072 | GY10: 4980650455 | GZ10: 4674483604 | HA10: 4841664622 | HB10: 5264128931 | HC10: 4706365123 | HD10: 1184138501 | HE10: 4732012654 | HF10: 4621393685 | HG10: 3964650008 | HH10: 4297155220 | HI10: 3785109041 | HJ10: 4626301229 | HK10: 1766318518 | HL10: 5477618291 | HM10: 4351776091 | HN10: 4392463975 | HO10: 4368637117 | HP10: 4388578165 | HQ10: 4125295753 | HR10: 1291803823 | HS10: 5794402303 | HT10: 4720799330 | HU10: 5422557027 | HV10: 6200849947 | HW10: 4823510536 | HX10: 5372752788 | HY10: 818765941 | HZ10: 5129296266 | IA10: 3835601572 | IB10: 4118043957 | IC10: 4135946061 | ID10: 4533095254 | IE10: 4610305166 | IF10: 1112803203 | IG10: 5452893898 | IH10: 4208631181 | II10: 4405251411 | IJ10: 4015958090 | IK10: 4790472053 | IL10: 4770204608 | IM10: 1361897255 | IN10: 4933470004 | IO10: 4877985908 | IP10: 4755815535 | IQ10: 3978982930 | IR10: 3754398153 | IS10: 3906887513 | IT10: 952293605 | IU10: 4550245114 | IV10: 3434590156 | IW10: 4872715173 | IX10: 4324651664 | IY10: 6830839142 | IZ10: 6287023304 | JA10: 1640135565 | JB10: 849397447 | JC10: 1007884589 | JD10: 5233795364 | JE10: 4914943317 | JF10: 4647691408 | JG10: 4636914226 | JH10: 1230501229 | JI10: 5486023741 | JJ10: 4081100592 | JK10: 4581415024 | JL10: 4624936605 | JM10: 6607569104 | JN10: 5032317831 | JO10: 1000463922 | JP10: 5148045400 | JQ10: 4562209780 | JR10: 6171205349 | JS10: 4553306979 | JT10: 3962987219 | JU10: 6154930097 | JV10: 1026251091 | JW10: 5915450319 | JX10: 4273639809 | JY10: 5022971188 | JZ10: 4678142337 | KA10: 4882043094 | KB10: 5147359122 | KC10: 1201082142 | KD10: 6498197615 | KE10: 7632028059 | KF10: 5360986959 | KG10: 5673750709 | KH10: 4376364356 | KI10: 5485715570 | KJ10: 1403064908 | KK10: 5716164927 | KL10: 4426990703 | KM10: 6364611245 | KN10: 4993018816 | KO10: 4548941965 | KP10: 5839270730 | KQ10: 1390514453 | KR10: 6325228710 | KS10: 4628319715 | KT10: 4457930957 | KU10: 5228433471 | KV10: 4566109364 | KW10: 5128733162 | KX10: 1670420243 | KY10: 6159853946 | KZ10: 4230807600 | LA10: 4586534243 | LB10: 5233323223 | LC10: 5221206526 | LD10: 5416386578 | LE10: 1686584325 | LF10: 4836886656 | LG10: 4467709979 | LH10: 4812130710 | LI10: 5632581223 | LJ10: 5736895802 | LK10: 5204201560 | LL10: 1262206098 | LM10: 5398358904 | LN10: 4775206166 | LO10: 4803123155 | LP10: 4132903580 | LQ10: 4722132625 | LR10: 4925237426 | LS10: 1136221194 | LT10: 4684903323 | LU10: 5248462043 | LV10: 4113429156 | LW10: 4350950766 | LX10: 4200032634 | LY10: 5009524445 | LZ10: 1180053220 | MA10: 5200882499 | MB10: 6915932239 | MC10: 4529986260 | MD10: 4040647929 | ME10: 5702403317 | MF10: 4313130903 | MG10: 1152161194 | MH10: 7848884911 | MI10: 5506681723 | MJ10: 6039143866 | MK10: 4804236914 | ML10: 5787017345 | MM10: 6680340750 | MN10: 1189623503 | MO10: 5193976795 | MP10: 4018384869 | MQ10: 4903992456 | MR10: 4914066201 | MS10: 5475297217 | MT10: 4906385937 | MU10: 898417907 | MV10: 4742515724 | MW10: 5019573417 | MX10: 4826686648 | MY10: 5198146263 | MZ10: 4647134025 | NA10: 4149373971 | NB10: 1140680664 | NC10: 4941613159 | ND10: 4906245129 | NE10: 5234386476 | NF10: 4352521100 | NG10: 5376562491 | NH10: 6911670165 | NI10: 1365129739 | NJ10: 6192843463 | NK10: 5517577776 | NL10: 5312424986 | NM10: 5538912155 | NN10: 4299420287 | NO10: 5532331203 | NP10: 1590152712 | NQ10: 5935988231 | NR10: 5042825735 | NS10: 6248375551 | NX10: =SUM(S10:AW10) -> 90148835077 | NY10: =SUM(AX10:BY10) -> 105065034127 | NZ10: =SUM(BZ10:DD10) -> 127656624194 | OA10: =SUM(DE10:EH10) -> 116397098864 | OB10: =SUM(EI10:FM10) -> 125190110123 | OC10: =SUM(FN10:GQ10) -> 122990811869 | OD10: =SUM(GR10:HV10) -> 133245847132 | OE10: =SUM(HW10:JA10) -> 126595463006 | OF10: =SUM(JB10:KE10) -> 130764803999 | OG10: =SUM(KF10:LJ10) -> 145605471774 | OH10: =SUM(LK10:MN10) -> 134858019648 | OI10: =SUM(MO10:NS10) -> 144333612452 | OJ10: =SUM(NX10:OI10) -> 1502851732265 | OK10: =NX10+NY10+NZ10 -> 322870493398 | OL10: =OA10+OB10+OC10 -> 364578020856 | OM10: =OD10+OE10+OF10 -> 390606114137 | ON10: =OG10+OH10+OI10 -> 424797103874 | OP10: 852247742 | OQ10: 4530989970 | OR10: 3793264954 | OS10: 1123157059 | OT10: 5444031599 | OU10: 4941218618 | OV10: 5697113031 | OW10: 4447751909 | OX10: 4908438190 | OY10: 5694535256 | OZ10: 1417289851 | PA10: 5108161211 | PB10: 5189375303 | PC10: 4981750348 | PD10: 4412307855 | PE10: 5152358666 | PF10: 4805115207 | PG10: 1404495626 | PH10: 3461355056
B11: Channel | C11: Sub Channel | D11: KPI - Jan
D12: HMTD | E12: HMGPXL | F12: HMSG | G12: HPH | H12: HPEC | I12: HMGKD | J12: R1
B13: Total Channel | D13: =SUM(D14:D17) -> 11609 | E13: =SUM(E14:E18) -> 1700 | F13: =SUM(F14:F18) -> 36341 | G13: =SUM(G15:G17) -> 13039.554 | I13: =SUM(I14:I17) -> 4100 | J13: =SUM(J14:J18) -> 66789.554 | P13: Total | Q13: Sub Channel | S13: 45658 | T13: 45659 | U13: 45660 | V13: 45661 | W13: 45662 | X13: 45663 | Y13: 45664 | Z13: 45665 | AA13: 45666 | AB13: 45667 | AC13: 45668 | AD13: 45669 | AE13: 45670 | AF13: 45671 | AG13: 45672 | AH13: 45673 | AI13: 45674 | AJ13: 45675 | AK13: 45676 | AL13: 45677 | AM13: 45678 | AN13: 45679 | AO13: 45680 | AP13: 45681 | AQ13: 45682 | AR13: 45683 | AS13: 45684 | AT13: 45685 | AU13: 45686 | AV13: 45687 | AW13: 45688 | AX13: 45689 | AY13: 45690 | AZ13: 45691 | BA13: 45692 | BB13: 45693 | BC13: 45694 | BD13: 45695 | BE13: 45696 | BF13: 45697 | BG13: 45698 | BH13: 45699 | BI13: 45700 | BJ13: 45701 | BK13: 45702 | BL13: 45703 | BM13: 45704 | BN13: 45705 | BO13: 45706 | BP13: 45707 | BQ13: 45708 | BR13: 45709 | BS13: 45710 | BT13: 45711 | BU13: 45712 | BV13: 45713 | BW13: 45714 | BX13: 45715 | BY13: 45716 | BZ13: 45717 | CA13: 45718 | CB13: 45719 | CC13: 45720 | CD13: 45721 | CE13: 45722 | CF13: 45723 | CG13: 45724 | CH13: 45725 | CI13: 45726 | CJ13: 45727 | CK13: 45728 | CL13: 45729 | CM13: 45730 | CN13: 45731 | CO13: 45732 | CP13: 45733 | CQ13: 45734 | CR13: 45735 | CS13: 45736 | CT13: 45737 | CU13: 45738 | CV13: 45739 | CW13: 45740 | CX13: 45741 | CY13: 45742 | CZ13: 45743 | DA13: 45744 | DB13: 45745 | DC13: 45746 | DD13: 45747 | DE13: 45748 | DF13: 45749 | DG13: 45750 | DH13: 45751 | DI13: 45752 | DJ13: 45753 | DK13: 45754 | DL13: 45755 | DM13: 45756 | DN13: 45757 | DO13: 45758 | DP13: 45759 | DQ13: 45760 | DR13: 45761 | DS13: 45762 | DT13: 45763 | DU13: 45764 | DV13: 45765 | DW13: 45766 | DX13: 45767 | DY13: 45768 | DZ13: 45769 | EA13: 45770 | EB13: 45771 | EC13: 45772 | ED13: 45773 | EE13: 45774 | EF13: 45775 | EG13: 45776 | EH13: 45777 | EI13: 45778 | EJ13: 45779 | EK13: 45780 | EL13: 45781 | EM13: 45782 | EN13: 45783 | EO13: 45784 | EP13: 45785 | EQ13: 45786 | ER13: 45787 | ES13: 45788 | ET13: 45789 | EU13: 45790 | EV13: 45791 | EW13: 45792 | EX13: 45793 | EY13: 45794 | EZ13: 45795 | FA13: 45796 | FB13: 45797 | FC13: 45798 | FD13: 45799 | FE13: 45800 | FF13: 45801 | FG13: 45802 | FH13: 45803 | FI13: 45804 | FJ13: 45805 | FK13: 45806 | FL13: 45807 | FM13: 45808 | FN13: 45809 | FO13: 45810 | FP13: 45811 | FQ13: 45812 | FR13: 45813 | FS13: 45814 | FT13: 45815 | FU13: 45816 | FV13: 45817 | FW13: 45818 | FX13: 45819 | FY13: 45820 | FZ13: 45821 | GA13: 45822 | GB13: 45823 | GC13: 45824 | GD13: 45825 | GE13: 45826 | GF13: 45827 | GG13: 45828 | GH13: 45829 | GI13: 45830 | GJ13: 45831 | GK13: 45832 | GL13: 45833 | GM13: 45834 | GN13: 45835 | GO13: 45836 | GP13: 45837 | GQ13: 45838 | GR13: 45839 | GS13: 45840 | GT13: 45841 | GU13: 45842 | GV13: 45843 | GW13: 45844 | GX13: 45845 | GY13: 45846 | GZ13: 45847 | HA13: 45848 | HB13: 45849 | HC13: 45850 | HD13: 45851 | HE13: 45852 | HF13: 45853 | HG13: 45854 | HH13: 45855 | HI13: 45856 | HJ13: 45857 | HK13: 45858 | HL13: 45859 | HM13: 45860 | HN13: 45861 | HO13: 45862 | HP13: 45863 | HQ13: 45864 | HR13: 45865 | HS13: 45866 | HT13: 45867 | HU13: 45868 | HV13: 45869 | HW13: 45870 | HX13: 45871 | HY13: 45872 | HZ13: 45873 | IA13: 45874 | IB13: 45875 | IC13: 45876 | ID13: 45877 | IE13: 45878 | IF13: 45879 | IG13: 45880 | IH13: 45881 | II13: 45882 | IJ13: 45883 | IK13: 45884 | IL13: 45885 | IM13: 45886 | IN13: 45887 | IO13: 45888 | IP13: 45889 | IQ13: 45890 | IR13: 45891 | IS13: 45892 | IT13: 45893 | IU13: 45894 | IV13: 45895 | IW13: 45896 | IX13: 45897 | IY13: 45898 | IZ13: 45899 | JA13: 45900 | JB13: 45901 | JC13: 45902 | JD13: 45903 | JE13: 45904 | JF13: 45905 | JG13: 45906 | JH13: 45907 | JI13: 45908 | JJ13: 45909 | JK13: 45910 | JL13: 45911 | JM13: 45912 | JN13: 45913 | JO13: 45914 | JP13: 45915 | JQ13: 45916 | JR13: 45917 | JS13: 45918 | JT13: 45919 | JU13: 45920 | JV13: 45921 | JW13: 45922 | JX13: 45923 | JY13: 45924 | JZ13: 45925 | KA13: 45926 | KB13: 45927 | KC13: 45928 | KD13: 45929 | KE13: 45930 | KF13: 45931 | KG13: 45932 | KH13: 45933 | KI13: 45934 | KJ13: 45935 | KK13: 45936 | KL13: 45937 | KM13: 45938 | KN13: 45939 | KO13: 45940 | KP13: 45941 | KQ13: 45942 | KR13: 45943 | KS13: 45944 | KT13: 45945 | KU13: 45946 | KV13: 45947 | KW13: 45948 | KX13: 45949 | KY13: 45950 | KZ13: 45951 | LA13: 45952 | LB13: 45953 | LC13: 45954 | LD13: 45955 | LE13: 45956 | LF13: 45957 | LG13: 45958 | LH13: 45959 | LI13: 45960 | LJ13: 45961 | LK13: 45962 | LL13: 45963 | LM13: 45964 | LN13: 45965 | LO13: 45966 | LP13: 45967 | LQ13: 45968 | LR13: 45969 | LS13: 45970 | LT13: 45971 | LU13: 45972 | LV13: 45973 | LW13: 45974 | LX13: 45975 | LY13: 45976 | LZ13: 45977 | MA13: 45978 | MB13: 45979 | MC13: 45980 | MD13: 45981 | ME13: 45982 | MF13: 45983 | MG13: 45984 | MH13: 45985 | MI13: 45986 | MJ13: 45987 | MK13: 45988 | ML13: 45989 | MM13: 45990 | MN13: 45991 | MO13: 45992 | MP13: 45993 | MQ13: 45994 | MR13: 45995 | MS13: 45996 | MT13: 45997 | MU13: 45998 | MV13: 45999 | MW13: 46000 | MX13: 46001 | MY13: 46002 | MZ13: 46003 | NA13: 46004 | NB13: 46005 | NC13: 46006 | ND13: 46007 | NE13: 46008 | NF13: 46009 | NG13: 46010 | NH13: 46011 | NI13: 46012 | NJ13: 46013 | NK13: 46014 | NL13: 46015 | NM13: 46016 | NN13: 46017 | NO13: 46018 | NP13: 46019 | NQ13: 46020 | NR13: 46021 | NS13: 46022 | OP13: 46023 | OQ13: 46024 | OR13: 46025 | OS13: 46026 | OT13: 46027 | OU13: 46028 | OV13: 46029 | OW13: 46030 | OX13: 46031 | OY13: 46032 | OZ13: 46033 | PA13: 46034 | PB13: 46035 | PC13: 46036 | PD13: 46037 | PE13: 46038 | PF13: 46039 | PG13: 46040 | PH13: 46041 | PI13: 46042 | PJ13: 46043 | PK13: 46044 | PL13: 46045 | PM13: 46046 | PN13: 46047 | PO13: 46048 | PP13: 46049 | PQ13: 46050 | PR13: 46051 | PS13: 46052 | PT13: 46053 | PU13: 46054 | PV13: 46055 | PW13: 46056 | PX13: 46057 | PY13: 46058 | PZ13: 46059 | QA13: 46060 | QB13: 46061 | QC13: 46062 | QD13: 46063 | QE13: 46064 | QF13: 46065 | QG13: 46066 | QH13: 46067 | QI13: 46068 | QJ13: 46069 | QK13: 46070 | QL13: 46071 | QM13: 46072 | QN13: 46073 | QO13: 46074 | QP13: 46075 | QQ13: 46076 | QR13: 46077 | QS13: 46078 | QT13: 46079 | QU13: 46080 | QV13: 46081 | QW13: 46082 | QX13: 46083 | QY13: 46084 | QZ13: 46085 | RA13: 46086 | RB13: 46087 | RC13: 46088 | RD13: 46089 | RE13: 46090 | RF13: 46091 | RG13: 46092 | RH13: 46093 | RI13: 46094 | RJ13: 46095 | RK13: 46096 | RL13: 46097 | RM13: 46098 | RN13: 46099 | RO13: 46100 | RP13: 46101 | RQ13: 46102 | RR13: 46103 | RS13: 46104 | RT13: 46105 | RU13: 46106 | RV13: 46107 | RW13: 46108 | RX13: 46109 | RY13: 46110 | RZ13: 46111 | SA13: 46112 | SB13: 46113 | SC13: 46114 | SD13: 46115 | SE13: 46116 | SF13: 46117 | SG13: 46118 | SH13: 46119 | SI13: 46120 | SJ13: 46121 | SK13: 46122 | SL13: 46123 | SM13: 46124 | SN13: 46125 | SO13: 46126 | SP13: 46127 | SQ13: 46128 | SR13: 46129 | SS13: 46130 | ST13: 46131 | SU13: 46132 | SV13: 46133 | SW13: 46134 | SX13: 46135 | SY13: 46136 | SZ13: 46137 | TA13: 46138 | TB13: 46139 | TC13: 46140 | TD13: 46141 | TE13: 46142 | TF13: 46143 | TG13: 46144 | TH13: 46145 | TI13: 46146 | TJ13: 46147 | TK13: 46148 | TL13: 46149 | TM13: 46150 | TN13: 46151 | TO13: 46152 | TP13: 46153 | TQ13: 46154 | TR13: 46155 | TS13: 46156 | TT13: 46157 | TU13: 46158 | TV13: 46159 | TW13: 46160 | TX13: 46161 | TY13: 46162 | TZ13: 46163 | UA13: 46164 | UB13: 46165 | UC13: 46166 | UD13: 46167 | UE13: 46168 | UF13: 46169 | UG13: 46170 | UH13: 46171 | UI13: 46172 | UJ13: 46173 | UK13: 46174 | UL13: 46175 | UM13: 46176 | UN13: 46177 | UO13: 46178 | UP13: 46179 | UQ13: 46180 | UR13: 46181 | US13: 46182 | UT13: 46183 | UU13: 46184 | UV13: 46185 | UW13: 46186 | UX13: 46187 | UY13: 46188 | UZ13: 46189 | VA13: 46190 | VB13: 46191 | VC13: 46192 | VD13: 46193 | VE13: 46194 | VF13: 46195 | VG13: 46196 | VH13: 46197 | VI13: 46198 | VJ13: 46199 | VK13: 46200 | VL13: 46201 | VM13: 46202 | VN13: 46203 | VO13: 46204 | VP13: 46205 | VQ13: 46206 | VR13: 46207 | VS13: 46208 | VT13: 46209 | VU13: 46210 | VV13: 46211 | VW13: 46212 | VX13: 46213 | VY13: 46214 | VZ13: 46215 | WA13: 46216 | WB13: 46217 | WC13: 46218 | WD13: 46219 | WE13: 46220 | WF13: 46221 | WG13: 46222 | WH13: 46223 | WI13: 46224 | WJ13: 46225 | WK13: 46226 | WL13: 46227 | WM13: 46228 | WN13: 46229 | WO13: 46230 | WP13: 46231 | WQ13: 46232 | WR13: 46233 | WS13: 46234 | WT13: 46235 | WU13: 46236 | WV13: 46237 | WW13: 46238 | WX13: 46239 | WY13: 46240 | WZ13: 46241 | XA13: 46242 | XB13: 46243 | XC13: 46244 | XD13: 46245 | XE13: 46246 | XF13: 46247 | XG13: 46248 | XH13: 46249 | XI13: 46250 | XJ13: 46251 | XK13: 46252 | XL13: 46253 | XM13: 46254 | XN13: 46255 | XO13: 46256 | XP13: 46257 | XQ13: 46258 | XR13: 46259 | XS13: 46260 | XT13: 46261 | XU13: 46262 | XV13: 46263 | XW13: 46264 | XX13: 46265 | XY13: 46266 | XZ13: 46267 | YA13: 46268 | YB13: 46269 | YC13: 46270 | YD13: 46271 | YE13: 46272 | YF13: 46273 | YG13: 46274 | YH13: 46275 | YI13: 46276 | YJ13: 46277 | YK13: 46278 | YL13: 46279 | YM13: 46280 | YN13: 46281 | YO13: 46282 | YP13: 46283 | YQ13: 46284 | YR13: 46285 | YS13: 46286 | YT13: 46287 | YU13: 46288 | YV13: 46289 | YW13: 46290 | YX13: 46291 | YY13: 46292 | YZ13: 46293 | ZA13: 46294 | ZB13: 46295 | ZC13: 46296 | ZD13: 46297 | ZE13: 46298 | ZF13: 46299 | ZG13: 46300 | ZH13: 46301 | ZI13: 46302 | ZJ13: 46303 | ZK13: 46304 | ZL13: 46305 | ZM13: 46306 | ZN13: 46307 | ZO13: 46308 | ZP13: 46309 | ZQ13: 46310 | ZR13: 46311 | ZS13: 46312 | ZT13: 46313 | ZU13: 46314 | ZV13: 46315 | ZW13: 46316 | ZX13: 46317 | ZY13: 46318 | ZZ13: 46319 | AAA13: 46320 | AAB13: 46321 | AAC13: 46322 | AAD13: 46323 | AAE13: 46324 | AAF13: 46325 | AAG13: 46326 | AAH13: 46327 | AAI13: 46328 | AAJ13: 46329 | AAK13: 46330 | AAL13: 46331 | AAM13: 46332 | AAN13: 46333 | AAO13: 46334 | AAP13: 46335 | AAQ13: 46336 | AAR13: 46337 | AAS13: 46338 | AAT13: 46339 | AAU13: 46340 | AAV13: 46341 | AAW13: 46342 | AAX13: 46343 | AAY13: 46344 | AAZ13: 46345 | ABA13: 46346 | ABB13: 46347 | ABC13: 46348 | ABD13: 46349 | ABE13: 46350 | ABF13: 46351 | ABG13: 46352 | ABH13: 46353 | ABI13: 46354 | ABJ13: 46355 | ABK13: 46356 | ABL13: 46357 | ABM13: 46358 | ABN13: 46359 | ABO13: 46360 | ABP13: 46361 | ABQ13: 46362 | ABR13: 46363 | ABS13: 46364 | ABT13: 46365 | ABU13: 46366 | ABV13: 46367 | ABW13: 46368 | ABX13: 46369 | ABY13: 46370 | ABZ13: 46371 | ACA13: 46372 | ACB13: 46373 | ACC13: 46374 | ACD13: 46375 | ACE13: 46376 | ACF13: 46377 | ACG13: 46378 | ACH13: 46379 | ACI13: 46380 | ACJ13: 46381 | ACK13: 46382 | ACL13: 46383 | ACM13: 46384 | ACN13: 46385 | ACO13: 46386 | ACP13: 46387
B14: B2B | C14: CHC | D14: 1801 | F14: 6597 | J14: =SUM(D14:I14) -> 8398 | P14: =SUM(OP14:PT14) -> 9575.19 | Q14: Region 1 | S14: =SUM(S15:S17) -> 0 | T14: =SUM(T15:T17) -> 0 | U14: =SUM(U15:U17) -> 0 | V14: =SUM(V15:V17) -> 0 | W14: =SUM(W15:W17) -> 0 | X14: =SUM(X15:X17) -> 0 | Y14: =SUM(Y15:Y17) -> 0 | Z14: =SUM(Z15:Z17) -> 0 | ... NS14: =SUM(NS15:NS17) -> 245 | NW14: Rev. | NX14: =NX4/10^9 -> 154.15768 | NY14: =NY4/10^9 -> 173.59698 | NZ14: =NZ4/10^9 -> 213.6198 | OA14: =OA4/10^9 -> 192.3856 | OB14: =OB4/10^9 -> 204.65002 | OC14: =OC4/10^9 -> 201.73912 | OD14: =OD4/10^9 -> 221.88021 | OE14: =OE4/10^9 -> 210.35947 | ... ON14: =ON4/10^9 -> 691.53505 | OP14: =OP18+OP22+OP26+OP30+OP38+OP34 -> 5045 | OQ14: =OQ18+OQ22+OQ26+OQ30+OQ38+OQ34 -> 784.8 | OR14: =OR18+OR22+OR26+OR30+OR38+OR34 -> 363.03 | OS14: =OS18+OS22+OS26+OS30+OS38+OS34 -> 6 | OT14: =OT18+OT22+OT26+OT30+OT38+OT34 -> 280.8 | OU14: =OU18+OU22+OU26+OU30+OU38+OU34 -> 500.75 | OV14: =OV18+OV22+OV26+OV30+OV38+OV34 -> 442.56 | OW14: =OW18+OW22+OW26+OW30+OW38+OW34 -> 585.13 | ... PT14: =PT18+PT22+PT26+PT30+PT38+PT34 -> 0
C15: REF | D15: 2890 | F15: 15700 | G15: 8151.4513 | I15: 2600 | J15: =SUM(D15:I15) -> 29341.451 | P15: =SUM(OP15:PT15) -> 775 | Q15: B2B | R15: CHC | BZ15: =BZ19+BZ23+BZ27+BZ31+BZ35+BZ39 -> 1569.7536 | CA15: =CA19+CA23+CA27+CA31+CA35+CA39 -> 7.5623637 | CB15: =CB19+CB23+CB27+CB31+CB35+CB39 -> 56.421535 | CC15: =CC19+CC23+CC27+CC31+CC35+CC39 -> 61.074909 | CD15: =CD19+CD23+CD27+CD31+CD35+CD39 -> 56.606813 | CE15: =CE19+CE23+CE27+CE31+CE35+CE39 -> 82.501606 | CF15: =CF19+CF23+CF27+CF31+CF35+CF39 -> 96.768699 | CG15: =CG19+CG23+CG27+CG31+CG35+CG39 -> 95.033703 | ... ML15: =ML19+ML23+ML27+ML31+ML35+ML39 -> 334.1 | MM15: =MM19+MM23+MM27+MN31+MM35+MM39 -> 339.3 | MN15: =MN19+MN23+MN27+MN31+MN35+MN39 -> 339.3 | MO15: =MO19+MO23+MO27+MO31+MO35+MO39 -> 1164 | MP15: =MP19+MP23+MP27+MP31+MP35+MP39 -> 27 | MQ15: =MQ19+MQ23+MQ27+MQ31+MQ35+MQ39 -> 47 | MR15: =MR19+MR23+MR27+MR31+MR35+MR39 -> 133 | MS15: =MS19+MS23+MS27+MS31+MS35+MS39 -> 99 | MT15: =MT19+MT23+MT27+MT31+MT35+MT39 -> 0 | MU15: =MU19+MU23+MU27+MU31+MU35+MU39 -> 0 | ... NS15: =NS19+NS23+NS27+NS31+NS35+NS39 -> 0 | NW15: HMGPXL | NX15: =NX5/10^9 -> 3.3661771 | NY15: =NY5/10^9 -> 5.0144411 | NZ15: =NZ5/10^9 -> 5.446985 | OA15: =OA5/10^9 -> 4.5197477 | OB15: =OB5/10^9 -> 4.2439846 | OC15: =OC5/10^9 -> 4.4959998 | OD15: =OD5/10^9 -> 5.584143 | OE15: =OE5/10^9 -> 4.5432999 | ... ON15: =ON5/10^9 -> 11.275635 | OP15: =OP19+OP23+OP27+OP31+OP39+OP35 -> 330 | OQ15: =OQ19+OQ23+OQ27+OQ31+OQ39+OQ35 -> 445 | OR15: =OR19+OR23+OR27+OR31+OR39+OR35 -> 0 | OS15: =OS19+OS23+OS27+OS31+OS39+OS35 -> 0 | OT15: =OT19+OT23+OT27+OT31+OT39+OT35 -> 0 | OU15: =OU19+OU23+OU27+OU31+OU39+OU35 -> 0 | OV15: =OV19+OV23+OV27+OV31+OV39+OV35 -> 0 | OW15: =OW19+OW23+OW27+OW31+OW39+OW35 -> 0 | ... PT15: =PT19+PT23+PT27+PT31+PT39+PT35 -> 0
B16: B2C | C16: Organic | D16: 3484 | E16: 1700 | F16: 4100 | G16: 4888.1022 | I16: 1500 | J16: =SUM(D16:I16) -> 15672.102 | P16: =SUM(OP16:PT16) -> 6007.12 | R16: REF | BZ16: =BZ20+BZ24+BZ28+BZ32+BZ36+BZ40 -> 376.1894 | CA16: =CA20+CA24+CA28+CA32+CA36+CA40 -> 59.147613 | CB16: =CB20+CB24+CB28+CB32+CB36+CB40 -> 384.13209 | CC16: =CC20+CC24+CC28+CC32+CC36+CC40 -> 584.10594 | CD16: =CD20+CD24+CD28+CD32+CD36+CD40 -> 486.06675 | CE16: =CE20+CE24+CE28+CE32+CE36+CE40 -> 510.79282 | CF16: =CF20+CF24+CF28+CF32+CF36+CF40 -> 408.24986 | CG16: =CG20+CG24+CG28+CG32+CG36+CG40 -> 355.4566 | ... LJ16: =LJ20+LJ24+LJ28+LJ32+LJ36+LJ40 -> 192.57362 | LK16: =LK20+LK24+LK28+LK33+LK36+LK40 -> 608.2555 | LL16: =LL20+LL24+LL28+LL33+LL36+LL40 -> 241.27448 | LM16: =LM20+LM24+LM28+LM33+LM36+LM40 -> 443.62096 | LN16: =LN20+LN24+LN28+LN33+LN36+LN40 -> 320.95346 | LO16: =LO20+LO24+LO28+LO33+LO36+LO40 -> 381.99992 | LP16: =LP20+LP24+LP28+LP33+LP36+LP40 -> 288.47059 | LQ16: =LQ20+LQ24+LQ28+LQ33+LQ36+LQ40 -> 266.4024 | LR16: =LR20+LR24+LR28+LR33+LR36+LR40 -> 547.50181 | ... LZ16: =LZ20+LZ24+LZ28+LZ33+LZ36+LZ40 -> 203.10637 | MA16: =MA20+MA24+MA28+MA32+MA36+MA40 -> 730.20152 | MB16: =MB20+MB24+MB28+MB32+MB36+MB40 -> 684.88678 | MC16: =MC20+MC24+MC28+MC32+MC36+MC40 -> 725.84071 | MD16: =MD20+MD24+MD28+MD32+MD36+MD40 -> 516.37719 | ME16: =ME20+ME24+ME28+ME32+ME36+ME40 -> 313.24513 | MF16: =MF20+MF24+MF28+MF32+MF36+MF40 -> 1084.783 | MG16: =MG20+MG24+MG28+MH32+MG36+MG40 -> 702.2164 | MH16: =MH20+MH24+MH28+MI32+MH36+MH40 -> 378.8216 | MI16: =MI20+MI24+MI28+MJ32+MI36+MI40 -> 807.40193 | MJ16: =MJ20+MJ24+MJ28+MJ32+MJ36+MJ40 -> 468.13248 | MK16: =MK20+MK24+MK28+MK32+MK36+MK40 -> 697.77517 | ML16: =ML20+ML24+ML28+ML32+ML36+ML40 -> 315.19631 | MM16: =MM20+MM24+MM28+MM32+MM36+MM40 -> 50.124679 | MN16: =MN20+MN24+MN28+MN32+MN36+MN40 -> 0 | MO16: =MO20+MO24+MO28+MO32+MO36+MO40 -> 757.02167 | MP16: =MP20+MP24+MP28+MP32+MP36+MP40 -> 434.98654 | MQ16: =MQ20+MQ24+MQ28+MQ32+MQ36+MQ40 -> 318.93984 | ... NS16: =NS20+NS24+NS28+NS32+NS36+NS40 -> 150 | NW16: HMTD | NX16: =NX6/10^9 -> 27.535933 | NY16: =NY6/10^9 -> 30.734744 | NZ16: =NZ6/10^9 -> 38.969116 | OA16: =OA6/10^9 -> 34.206642 | OB16: =OB6/10^9 -> 36.056442 | OC16: =OC6/10^9 -> 36.246885 | OD16: =OD6/10^9 -> 41.894769 | OE16: =OE6/10^9 -> 43.222899 | ... ON16: =ON6/10^9 -> 134.94872 | OP16: =OP20+OP24+OP28+OP32+OP40+OP36 -> 5747 | OQ16: =OQ20+OQ24+OQ28+OQ32+OQ40+OQ36 -> 106 | OR16: =OR20+OR24+OR28+OR32+OR40+OR36 -> 22 | OS16: =OS20+OS24+OS28+OS32+OS40+OS36 -> 0 | OT16: =OT20+OT24+OT28+OT32+OT40+OT36 -> 11 | OU16: =OU20+OU24+OU28+OU32+OU40+OU36 -> 19.12 | OV16: =OV20+OV24+OV28+OV32+OV40+OV36 -> 0 | OW16: =OW20+OW24+OW28+OW32+OW40+OW36 -> 0 | ... PT16: =PT20+PT24+PT28+PT32+PT40+PT36 -> 0
B17: B2C | C17: Ads | D17: 3434 | F17: 2300 | J17: =SUM(D17:I17) -> 5734 | P17: =SUM(OP17:PT17) -> 7318.07 | Q17: B2C | R17: Organic | BZ17: =BZ21+BZ25+BZ29+BZ33+BZ37+BZ41 -> 3135.4526 | CA17: =CA21+CA25+CA29+CA33+CA37+CA41 -> 7.9801512 | CB17: =CB21+CB25+CB29+CB33+CB37+CB41 -> 434.53858 | CC17: =CC21+CC25+CC29+CC33+CC37+CC41 -> 279.67203 | CD17: =CD21+CD25+CD29+CD33+CD37+CD41 -> 545.70156 | CE17: =CE21+CE25+CE29+CE33+CE37+CE41 -> 509.54974 | CF17: =CF21+CF25+CF29+CF33+CF37+CF41 -> 487.3814 | CG17: =CG21+CG25+CG29+CG33+CG37+CG41 -> 329.847 | ... NS17: =NS21+NS25+NS29+NS33+NS37+NS41 -> 95 | NW17: HMGKD | NX17: =NX7/10^9 -> 2.7164593 | NY17: =NY7/10^9 -> 3.3561248 | NZ17: =NZ7/10^9 -> 3.9569498 | OA17: =OA7/10^9 -> 3.711807 | OB17: =OB7/10^9 -> 2.7348501 | OC17: =OC7/10^9 -> 3.7675832 | OD17: =OD7/10^9 -> 3.6707808 | OE17: =OE7/10^9 -> 3.4043647 | ... ON17: =ON7/10^9 -> 7.6042367 | OP17: =OP21+OP25+OP29+OP33+OP41+OP37 -> 4963 | OQ17: =OQ21+OQ25+OQ29+OQ33+OQ41+OQ37 -> 141.8 | OR17: =OR21+OR25+OR29+OR33+OR41+OR37 -> 193.03 | OS17: =OS21+OS25+OS29+OS33+OS41+OS37 -> 3 | OT17: =OT21+OT25+OT29+OT33+OT41+OT37 -> 155.8 | OU17: =OU21+OU25+OU29+OU33+OU41+OU37 -> 279.63 | OV17: =OV21+OV25+OV29+OV33+OV41+OV37 -> 277.56 | OW17: =OW21+OW25+OW29+OW33+OW41+OW37 -> 318.13 | ... PT17: =PT21+PT25+PT29+PT33+PT41+PT37 -> 0
B18: B2C | C18: PHI | F18: 7644 | J18: =SUM(D18:I18) -> 7644 | P18: =SUM(OP18:PT18) -> 904.19 | Q18: HMGPXL | BZ18: =SUM(BZ19:BZ21) -> 47 | CA18: =SUM(CA19:CA21) -> 0 | CB18: =SUM(CB19:CB21) -> 106 | CC18: =SUM(CC19:CC21) -> 143 | CD18: =SUM(CD19:CD21) -> 180 | CE18: =SUM(CE19:CE21) -> 49 | CF18: =SUM(CF19:CF21) -> 85 | CG18: =SUM(CG19:CG21) -> 51 | ... NS18: =SUM(NS19:NS21) -> 0 | NW18: HPEC | NX18: =NX8/10^9 -> 3.4800409 | NY18: =NY8/10^9 -> 4.6100101 | NZ18: =NZ8/10^9 -> 5.0982073 | OA18: =OA8/10^9 -> 4.5198953 | OB18: =OB8/10^9 -> 5.0451434 | OC18: =OC8/10^9 -> 4.8845445 | OD18: =OD8/10^9 -> 4.8993851 | OE18: =OE8/10^9 -> 3.7349401 | ... ON18: =ON8/10^9 -> 10.150863 | OP18: =SUM(OP19:OP21) -> 0 | OQ18: =SUM(OQ19:OQ21) -> 49.8 | OR18: =SUM(OR19:OR21) -> 45.03 | OS18: =SUM(OS19:OS21) -> 0 | OT18: =SUM(OT19:OT21) -> 41.8 | OU18: =SUM(OU19:OU21) -> 96.75 | OV18: =SUM(OV19:OV21) -> 112.56 | OW18: =SUM(OW19:OW21) -> 51.13 | ... PT18: =SUM(PT19:PT21) -> 0
P19: =SUM(OP19:PT19) -> 0 | Q19: B2B | R19: CHC | BZ19: 0 | CA19: 0 | CB19: 0 | CC19: 0 | CD19: 0 | CE19: 0 | CF19: 0 | CG19: 0 | CH19: 0 | CI19: 0 | CJ19: 0 | CK19: 0 | CL19: 0 | CM19: 0 | CN19: 0 | CO19: 0 | CP19: 0 | CQ19: 0 | CR19: 0 | CS19: 0 | CT19: 0 | CU19: 0 | CV19: 0 | CW19: 0 | CX19: 0 | CY19: 0 | CZ19: 0 | DA19: 0 | DB19: 0 | DC19: 0 | DD19: 0 | DE19: 0 | DF19: 0 | DG19: 0 | DH19: 0 | DI19: 0 | DJ19: 0 | DK19: 0 | DL19: 0 | DM19: 0 | DN19: 0 | DO19: 0 | DP19: 0 | DQ19: 0 | DR19: 0 | DS19: 0 | DT19: 0 | DU19: 0 | DV19: 0 | DW19: 0 | DX19: 0 | DY19: 0 | DZ19: 0 | EA19: 0 | EB19: 0 | EC19: 0 | ED19: 0 | EE19: 0 | EF19: 0 | EG19: 0 | EH19: 0 | EI19: 0 | EJ19: 0 | EK19: 0 | EL19: 0 | EM19: 0 | EN19: 0 | EO19: 0 | EP19: 0 | EQ19: 0 | ER19: 0 | ES19: 0 | ET19: 0 | EU19: 0 | EV19: 0 | EW19: 0 | EX19: 0 | EY19: 0 | EZ19: 0 | FA19: 0 | FB19: 0 | FC19: 0 | FD19: 0 | FE19: 0 | FF19: 0 | FG19: 0 | FH19: 0 | FI19: 0 | FJ19: 0 | FK19: 0 | FL19: 0 | FM19: 0 | HW19: 572 | NW19: HPH | NX19: =NX9/10^9 -> 26.910231 | NY19: =NY9/10^9 -> 24.81663 | NZ19: =NZ9/10^9 -> 32.491921 | OA19: =OA9/10^9 -> 29.030407 | OB19: =OB9/10^9 -> 31.379486 | OC19: =OC9/10^9 -> 29.353291 | OD19: =OD9/10^9 -> 32.585289 | OE19: =OE9/10^9 -> 28.858508 | ... ON19: =ON9/10^9 -> 102.75849
B20: Channel | C20: Sub Channel | D20: % KPI - Jan | P20: =SUM(OP20:PT20) -> 19.12 | R20: REF | BZ20: 0 | CA20: 0 | CB20: 0 | CC20: 0 | CD20: 0 | CE20: 0 | CF20: 0 | CG20: 0 | CH20: 0 | CI20: 0 | CJ20: 0 | CK20: 0 | CL20: 0 | CM20: 0 | CN20: 0 | CO20: 0 | CP20: 0 | CQ20: 0 | CR20: 0 | CS20: 0 | CT20: 0 | CU20: 0 | CV20: 0 | CW20: 0 | CX20: 0 | CY20: 0 | CZ20: 0 | DA20: 0 | DB20: 0 | DC20: 0 | DD20: 0 | DE20: 0 | DF20: 0 | DG20: 0 | DH20: 0 | DI20: 0 | DJ20: 0 | DK20: 0 | DL20: 0 | DM20: 0 | DN20: 0 | DO20: 0 | DP20: 0 | DQ20: 0 | DR20: 0 | DS20: 0 | DT20: 0 | DU20: 0 | DV20: 0 | DW20: 0 | DX20: 0 | DY20: 0 | DZ20: 0 | EA20: 0 | EB20: 0 | EC20: 0 | ED20: 0 | EE20: 0 | EF20: 0 | EG20: 0 | EH20: 0 | EI20: 0 | EJ20: 0 | EK20: 0 | EL20: 0 | EM20: 0 | EN20: 0 | EO20: 0 | EP20: 0 | EQ20: 0 | ER20: 0 | ES20: 0 | ET20: 0 | EU20: 0 | EV20: 0 | EW20: 0 | EX20: 0 | EY20: 0 | EZ20: 0 | FA20: 0 | FB20: 0 | FC20: 0 | FD20: 0 | FE20: 0 | FF20: 0 | FG20: 0 | FH20: 0 | FI20: 0 | FJ20: 0 | FK20: 0 | FL20: 0 | FM20: 0 | NW20: HMSG | NX20: =NX10/10^9 -> 90.148835 | NY20: =NY10/10^9 -> 105.06503 | NZ20: =NZ10/10^9 -> 127.65662 | OA20: =OA10/10^9 -> 116.3971 | OB20: =OB10/10^9 -> 125.19011 | OC20: =OC10/10^9 -> 122.99081 | OD20: =OD10/10^9 -> 133.24585 | OE20: =OE10/10^9 -> 126.59546 | ... ON20: =ON10/10^9 -> 424.7971 | OU20: 19.12
D21: HMTD | E21: HMGPXL | F21: HMSG | G21: HPH | H21: HPEC | I21: HMGKD | J21: R1 | P21: =SUM(OP21:PT21) -> 885.07 | Q21: B2C | R21: Organic | BZ21: 47 | CA21: 0 | CB21: 106 | CC21: 143 | CD21: 180 | CE21: 49 | CF21: 85 | CG21: 51 | CH21: 0 | CI21: 115 | CJ21: 139 | CK21: 64 | CL21: 55 | CM21: 82 | CN21: 76 | CO21: 0 | CP21: 70 | CQ21: 83 | CR21: 111 | CS21: 116.7 | CT21: 129.4 | CU21: 45 | CV21: 44 | CW21: 54 | CX21: 67 | CY21: 120 | CZ21: 45 | DA21: 71.4 | DB21: 104.8 | DC21: 0 | DD21: 115.1 | DE21: 113.3 | DF21: 23.5 | DG21: 61.2 | DH21: 94.5 | DI21: 89.3 | DJ21: 0 | DK21: 0 | DL21: 79 | DM21: 147.9 | DN21: 105.6 | DO21: 51 | DP21: 62 | DR21: 80 | DS21: 113 | DT21: 69 | DU21: 95 | DV21: 127.9 | DW21: 97.2 | DY21: 32 | DZ21: 60 | EA21: 112 | EB21: 57 | EC21: 37 | ED21: 55 | EE21: 0 | EF21: 84 | EG21: 17 | EH21: 0 | EI21: 0 | EJ21: 0 | EK21: 89.2 | EL21: 32.6 | EM21: 0 | EN21: 131.5 | EO21: 71.63 | EP21: 129.4 | EQ21: 121.6 | ER21: 91.2 | ES21: 73.8 | ET21: 0 | EU21: 51.43 | EV21: 75.8 | EW21: 63.8 | EX21: 143.5 | EY21: 34.8 | EZ21: 94.63 | FA21: 69.1 | FB21: 95.5 | FC21: 53.1 | FD21: 39.8 | FE21: 37.9 | FF21: 73.4 | FG21: 0 | FH21: 87.13 | FI21: 24.8 | FJ21: 25.9 | FK21: 87.43 | FL21: 55.9 | FM21: 20.5 | FN21: 0 | FO21: 66 | FP21: 82 | FQ21: 83 | FR21: 70 | FS21: 38 | FT21: 119 | FU21: 0 | FV21: 44 | FW21: 117 | FX21: 23 | FY21: 40 | FZ21: 80 | GA21: 77 | GC21: 71 | GD21: 91 | GE21: 44 | GF21: 94 | GG21: 137 | GH21: 43 | GJ21: 83 | GK21: 90 | GL21: 111 | GM21: 45 | GN21: 58 | GO21: 87 | GQ21: 30 | GR21: 96.9 | GS21: 17.3 | GT21: 45 | GU21: 74.5 | GV21: 87.5 | GW21: 0 | GX21: 75.3 | GY21: 90 | GZ21: 141.7 | HA21: 67.6 | HB21: 73.8 | HC21: 22.3 | HD21: 0 | HE21: 69.53 | HF21: 144.3 | HG21: 38.5 | HH21: 73.5 | HI21: 38.3 | HJ21: 45.96 | HK21: 0 | HL21: 99.2 | HM21: 89.6 | HN21: 38.63 | HO21: 75.23 | HP21: 96.03 | HQ21: 53.8 | HR21: 0 | HS21: 94.4 | HT21: 74.83 | HU21: 109.73 | HV21: 77.5 | HW21: 97.5 | HX21: 99.6 | HY21: 0 | HZ21: 86.4 | IA21: 135.6 | IB21: 117.7 | IC21: 121.5 | ID21: 104.13 | IE21: 9.5 | IF21: 0 | IG21: 74.3 | IH21: 66 | II21: 85 | IJ21: 72 | IK21: 52.7 | IL21: 111.1 | IM21: 0 | IN21: 86.2 | IO21: 26 | IP21: 93.03 | IQ21: 104.7 | IR21: 80.4 | IS21: 32.4 | IU21: 135 | IV21: 50 | IW21: 79 | IX21: 95 | IY21: 76 | IZ21: 78 | JB21: 0 | JC21: 0 | JD21: 142.3 | JE21: 103.3 | JF21: 91.4 | JG21: 62.6 | JH21: 0 | JI21: 69.8 | JJ21: 109.23 | JK21: 78.7 | JL21: 83.23 | JM21: 57.7 | JN21: 81.9 | JO21: 0 | JP21: 113 | JQ21: 109 | JR21: 73 | JS21: 22 | JT21: 51 | JU21: 27 | JW21: 75 | JX21: 40 | JY21: 26 | JZ21: 85 | KA21: 26 | KB21: 83 | KD21: 51.2 | KE21: 57 | KF21: 28.36 | KG21: 36.1 | KH21: 61.3 | KI21: 46.7 | KJ21: 0 | KK21: 110.3 | KL21: 99.3 | KM21: 25.4 | KN21: 55.03 | KO21: 65.5 | KP21: 27.1 | KQ21: 0 | KR21: 101.2 | KS21: 80.1 | KT21: 39.7 | KU21: 52.7 | KV21: 106.46 | KW21: 41.1 | KY21: 36.3 | KZ21: 149.4 | LA21: 47.8 | LB21: 41.7 | LC21: 60.7 | LD21: 73.1 | LE21: 0 | LF21: 94.53 | LG21: 7 | LH21: 44 | LK21: 21.4 | LL21: 0 | LM21: 33 | LN21: 76.2 | LO21: 76.7 | LP21: 11.6 | LQ21: 33.8 | LR21: 30.4 | LS21: 0 | LT21: 43.4 | LU21: 67.63 | LV21: 13.1 | LW21: 46.5 | LX21: 34.8 | LY21: 66.43 | LZ21: 0 | MA21: 112.3 | MB21: 39.5 | MC21: 31 | MD21: 25.2 | ME21: 0 | MF21: 40.63 | MH21: 47 | MI21: 7 | MJ21: 42 | MK21: 35 | ML21: 30 | MM21: 37 | MO21: 81.63 | MP21: 70.3 | MQ21: 36.3 | MR21: 58.4 | MS21: 33.6 | MT21: 19.2 | MU21: 0 | MV21: 39.43 | MW21: 18.7 | MX21: 23.83 | MY21: 18.4 | MZ21: 65.4 | NA21: 41 | NB21: 0 | NC21: 55.8 | ND21: 35.1 | NE21: 82 | NF21: 69.93 | NG21: 73.3 | NH21: 30.9 | NI21: 0 | NJ21: 123.13 | NK21: 36.9 | NL21: 26.2 | NM21: 30.9 | NN21: 19.5 | NO21: 69.6 | NQ21: 19 | NR21: 69 | OP21: 0 | OQ21: 49.8 | OR21: 45.03 | OS21: 0 | OT21: 41.8 | OU21: 77.63 | OV21: 112.56 | OW21: 51.13 | OX21: 4.6 | OY21: 111.7 | OZ21: 0 | PA21: 53.03 | PB21: 106.03 | PC21: 49.23 | PD21: 40.7 | PE21: 44.73 | PF21: 42.1 | PH21: 55
B22: Total Channel | D22: =IFERROR(D4/D13,0) -> 0.19553794 | E22: =IFERROR(E4/E13,0) -> 0.53187647 | F22: =IFERROR(F4/F13,0) -> 0.12434991 | G22: =IFERROR((H4+G4)/G13,0) -> 0.48605959 | I22: =IFERROR(I4/I13,0) -> 0 | J22: =IFERROR(J4/J13,0) -> 0.21008061 | P22: =SUM(OP22:PT22) -> 2270 | Q22: HMTD | BZ22: =SUM(BZ23:BZ25) -> 1801 | CA22: =SUM(CA23:CA25) -> 0 | CB22: =SUM(CB23:CB25) -> 318 | CC22: =SUM(CC23:CC25) -> 295.223 | CD22: =SUM(CD23:CD25) -> 347.96747 | CE22: =SUM(CE23:CE25) -> 279.49028 | CF22: =SUM(CF23:CF25) -> 420.26665 | CG22: =SUM(CG23:CG25) -> 218.5631 | ... DF22: =SUM(DF23:DF25) -> 200 | DG22: =SUM(DG24:DG25) -> 135 | DH22: =SUM(DH23:DH25) -> 123 | DI22: =SUM(DI23:DI25) -> 130 | DJ22: =SUM(DJ23:DJ25) -> 166 | DK22: =SUM(DK23:DK25) -> 270 | DL22: =SUM(DL23:DL25) -> 231 | DM22: =SUM(DM23:DM25) -> 292 | DN22: =SUM(DN23:DN25) -> 259 | DO22: =SUM(DO23:DO25) -> 209 | ... NS22: =SUM(NS23:NS25) -> 245 | NW22: KPI Viện | NX22: Jan | NY22: Feb | NZ22: Mar | OA22: Apr | OB22: May | OC22: Jun | OD22: Jul | OE22: Aug | OF22: Sep | OG22: Oct | OH22: Nov | OI22: Dec | OJ22: Total 2025 | OK22: Q1 | OL22: Q2 | OM22: Q3 | ON22: Q4 | OP22: =SUM(OP23:OP25) -> 114 | OQ22: =SUM(OQ23:OQ25) -> 643 | OR22: =SUM(OR23:OR25) -> 170 | OS22: =SUM(OS23:OS25) -> 3 | OT22: =SUM(OT23:OT25) -> 125 | OU22: =SUM(OU23:OU25) -> 202 | OV22: =SUM(OV23:OV25) -> 165 | OW22: =SUM(OW23:OW25) -> 267 | ... PT22: =SUM(PT23:PT25) -> 0
B23: B2B | C23: CHC | D23: =IFERROR(D5/D14,0) -> 0.24708495 | F23: =IFERROR(F5/#REF!,0) -> 0 | G23: =IFERROR(G5/G14,0) -> 0 | H23: =IFERROR(H5/H14,0) -> 0 | I23: =IFERROR(I5/I14,0) -> 0 | J23: =IFERROR(J5/J14,0) -> 0.092283877 | P23: =SUM(OP23:PT23) -> 445 | Q23: B2B | R23: CHC | BZ23: 1539 | CA23: 0 | CB23: 0 | CC23: 0 | CD23: 0 | CE23: 0 | CF23: 0 | CG23: 0 | CH23: 0 | CI23: 0 | CJ23: 0 | CK23: 0 | CL23: 0 | CM23: 0 | CN23: 0 | CO23: 0 | CP23: 0 | CQ23: 0 | CR23: 0 | CS23: 0 | CT23: 0 | CU23: 0 | CV23: 0 | CW23: 0 | CX23: 0 | CY23: 0 | CZ23: 0 | DA23: 0 | DB23: 0 | DC23: 0 | DE23: 0 | DF23: 0 | DG23: 17 | DH23: 0 | DI23: 0 | DJ23: 0 | DK23: 0 | DL23: 0 | DM23: 0 | DN23: 0 | DO23: 39 | DP23: 568 | DQ23: 0 | DR23: 0 | DS23: 0 | DT23: 0 | DU23: 0 | DV23: 0 | DW23: 0 | DX23: 0 | DY23: 0 | DZ23: 0 | EA23: 0 | EB23: 0 | EC23: 0 | ED23: 0 | EE23: 0 | EF23: 0 | EG23: 0 | EH23: 0 | EI23: 0 | EJ23: 0 | EK23: 0 | EL23: 0 | EM23: 29 | EN23: 0 | EO23: 0 | EP23: 0 | EQ23: 97 | ER23: 0 | ES23: 0 | ET23: 18 | EU23: 212 | EV23: 172 | EW23: 0 | EX23: 0 | EY23: 30 | EZ23: 0 | FA23: 71 | FB23: 0 | FC23: 0 | FD23: 0 | FE23: 0 | FF23: 0 | FG23: 0 | FH23: 99 | FI23: 0 | FJ23: 0 | FK23: 0 | FL23: 0 | FM23: 0 | FN23: 0 | FO23: 513 | FP23: 0 | FQ23: 0 | FR23: 0 | FS23: 0 | FT23: 0 | FU23: 0 | FV23: 0 | FW23: 46 | FX23: 0 | FY23: 0 | FZ23: 252 | GA23: 0 | GB23: 0 | GC23: 0 | GD23: 0 | GE23: 0 | GF23: 0 | GG23: 0 | GH23: 0 | GI23: 0 | GJ23: 0 | GK23: 0 | GL23: 0 | GM23: 0 | GN23: 0 | GO23: 0 | GP23: 0 | GQ23: 0 | GR23: 280 | GS23: 0 | GT23: 51 | GU23: 0 | GV23: 21 | GW23: 0 | GX23: 0 | GY23: 0 | GZ23: 54 | HA23: 124 | HB23: 0 | HC23: 0 | HD23: 0 | HE23: 0 | HF23: 120 | HG23: 15 | HH23: 0 | HI23: 0 | HJ23: 0 | HK23: 0 | HL23: 0 | HM23: 0 | HN23: 0 | HO23: 0 | HP23: 0 | HQ23: 0 | HR23: 0 | HS23: 0 | HT23: 0 | HU23: 0 | HV23: 0 | HW23: 0 | HX23: 0 | HY23: 0 | HZ23: 0 | IA23: 0 | IB23: 0 | IC23: 0 | ID23: 460 | IE23: 0 | IF23: 48 | IG23: 0 | IH23: 0 | II23: 0 | IJ23: 0 | IK23: 0 | IL23: 0 | IM23: 0 | IN23: 0 | IO23: 0 | IP23: 0 | IQ23: 0 | IR23: 0 | IS23: 0 | IT23: 0 | IU23: 0 | IV23: 0 | IW23: 0 | IX23: 0 | IY23: 0 | IZ23: 120 | JA23: 0 | JB23: 0 | JC23: 0 | JD23: 0 | JE23: 0 | JF23: 127 | JG23: 0 | JH23: 0 | JI23: 0 | JJ23: 320 | JK23: 0 | JL23: 0 | JM23: 0 | JN23: 0 | JO23: 0 | JP23: 270 | JQ23: 0 | JR23: 0 | JS23: 0 | JT23: 0 | JU23: 0 | JV23: 0 | JW23: 0 | JX23: 0 | JY23: 0 | JZ23: 0 | KA23: 0 | KB23: 0 | KC23: 0 | KD23: 0 | KE23: 120 | KF23: 1008 | KG23: 0 | KH23: 0 | KI23: 0 | KJ23: 0 | KK23: 0 | KL23: 0 | KM23: 170 | KN23: 0 | KO23: 0 | KP23: 0 | KQ23: 0 | KR23: 0 | KS23: 0 | KT23: 480 | KU23: 0 | KV23: 0 | KW23: 0 | KX23: 0 | KY23: 0 | KZ23: 0 | LA23: 0 | LB23: 0 | LC23: 0 | LD23: 0 | LE23: 0 | LF23: 0 | LG23: 0 | LH23: 0 | LI23: 80 | LK23: 1465 | LL23: 0 | LM23: 0 | LN23: 0 | LO23: 0 | LP23: 0 | LQ23: 0 | LR23: 0 | LS23: 0 | LT23: 0 | LU23: 0 | LV23: 0 | LW23: 0 | LX23: 0 | LY23: 600 | LZ23: 0 | MA23: 108 | MB23: 0 | MC23: 0 | MD23: 0 | ME23: 0 | MF23: 0 | MG23: 0 | MH23: 0 | MI23: 0 | MJ23: 0 | MK23: 0 | ML23: 0 | MM23: 0 | MN23: 0 | MO23: 810 | MP23: 0 | MQ23: 0 | MR23: 0 | MS23: 0 | MT23: 0 | MU23: 0 | MV23: 0 | MW23: 0 | MX23: 0 | MY23: 0 | MZ23: 0 | NA23: 0 | NB23: 0 | NC23: 665 | ND23: 0 | NE23: 0 | NF23: 0 | NG23: 0 | NH23: 0 | NI23: 0 | NJ23: 0 | NK23: 0 | NL23: 0 | NM23: 0 | NN23: 0 | NO23: 0 | NP23: 0 | NQ23: 0 | NR23: 0 | NS23: 0 | NX23: =SUM(NX24:NX29) -> 179.40916 | NY23: =SUM(NY24:NY29) -> 187.68234 | NZ23: =SUM(NZ24:NZ29) -> 221.61825 | OA23: =SUM(OA24:OA29) -> 213.72807 | OB23: =SUM(OB24:OB29) -> 232.50921 | OC23: =SUM(OC24:OC29) -> 231.15902 | OD23: =SUM(OD24:OD29) -> 239.09834 | OE23: =SUM(OE24:OE29) -> 250.34901 | ... OI23: =SUM(OI24:OI29) -> 253.10047 | OJ23: =SUM(NX23:OI23) -> 2751.6026 | OK23: =NX23+NY23+NZ23 -> 588.70974 | OL23: =NY23+NZ23+OA23 -> 623.02866 | OM23: =NZ23+OA23+OB23 -> 667.85553 | ON23: =OG23+OH23+OI23 -> 766.17254 | OP23: 0 | OQ23: 445 | OR23: 0 | OS23: 0 | OT23: 0 | OU23: 0 | OV23: 0 | OW23: 0 | OX23: 0 | OY23: 0 | OZ23: 0
C24: REF | D24: =IFERROR(D6/D15,0) -> 0.12283737 | F24: =IFERROR(F6/#REF!,0) -> 0 | G24: =IFERROR(G6/G15,0) -> 0.33270149 | H24: =IFERROR(H6/H15,0) -> 0 | I24: =IFERROR(I6/I15,0) -> 0 | J24: =IFERROR(J6/J15,0) -> 0.20473152 | P24: =SUM(OP24:PT24) -> 355 | R24: REF | BZ24: 140 | CA24: 0 | CB24: 49 | CC24: 223 | CD24: 42 | CE24: 35 | CF24: 120 | CG24: 40 | CH24: 80 | CI24: 22 | CJ24: 120 | CK24: 8 | CL24: 0 | CM24: 120 | CN24: 80 | CO24: 83 | CP24: 4 | CQ24: 85 | CR24: 125 | CS24: 60 | CT24: 11 | CU24: 16 | CV24: 2 | CW24: 87 | CX24: 1 | CY24: 50 | CZ24: 1 | DA24: 21 | DB24: 40 | DC24: 80 | DD24: 6 | DE24: 43 | DF24: 32 | DG24: 29 | DH24: 16 | DI24: 28 | DJ24: 80 | DK24: 60 | DL24: 39 | DM24: 37 | DN24: 16 | DO24: 43 | DP24: 15 | DQ24: 1 | DR24: 10 | DS24: 18 | DT24: 10 | DU24: 49 | DV24: 221 | DW24: 20 | DX24: 57 | DY24: 36 | DZ24: 96 | EA24: 37 | EB24: 62 | EC24: 95 | ED24: 13 | EE24: 26 | EF24: 35 | EG24: 30 | EH24: 0 | EI24: 57 | EJ24: 39 | EK24: 18 | EL24: 94 | EM24: 5 | EN24: 61 | EO24: 11 | EP24: 29 | EQ24: 188 | ER24: 38 | ES24: 15 | ET24: 37 | EU24: 73 | EV24: 43 | EW24: 52 | EX24: 100 | EY24: 49 | EZ24: 24 | FA24: 41 | FB24: 0 | FC24: 94 | FD24: 43 | FE24: 52 | FF24: 45 | FG24: 29 | FH24: 60 | FI24: 30 | FJ24: 60 | FK24: 25 | FL24: 32 | FM24: 0 | FN24: 6 | FO24: 19 | FP24: 51 | FQ24: 72 | FR24: 13 | FS24: 30 | FT24: 136 | FU24: 24 | FV24: 132 | FW24: 43 | FX24: 98 | FY24: 44 | FZ24: 71 | GA24: 7 | GB24: 4 | GC24: 81 | GD24: 65 | GE24: 2 | GF24: 32 | GG24: 125 | GH24: 31 | GI24: 167 | GJ24: 88 | GK24: 110 | GL24: 27 | GM24: 41 | GN24: 9 | GO24: 124 | GP24: 33 | GQ24: 145 | GR24: 30 | GS24: 70 | GT24: 15 | GU24: 108 | GV24: 17 | GW24: 8 | GX24: 225 | GY24: 31 | GZ24: 142 | HA24: 75 | HB24: 37 | HC24: 65 | HD24: 151 | HE24: 127 | HF24: 62 | HG24: 70 | HH24: 110 | HI24: 45 | HJ24: 91 | HK24: 70 | HL24: 98 | HM24: 52 | HN24: 130 | HO24: 51 | HP24: 20 | HQ24: 35 | HR24: 22 | HS24: 46 | HT24: 27 | HU24: 39 | HV24: 43 | HW24: 32 | HX24: 61 | HY24: 43 | HZ24: 65 | IA24: 69 | IB24: 55 | IC24: 83 | ID24: 60 | IE24: 76 | IF24: 55 | IG24: 92 | IH24: 62 | II24: 82 | IJ24: 71 | IK24: 75 | IL24: 58 | IM24: 64 | IN24: 52 | IO24: 43 | IP24: 48 | IQ24: 52 | IR24: 41 | IS24: 35 | IT24: 42 | IU24: 57 | IV24: 75 | IW24: 39 | IX24: 52 | IY24: 49 | IZ24: 35 | JA24: 41 | JB24: 45 | JC24: 32 | JD24: 31 | JE24: 68 | JF24: 42 | JG24: 35 | JH24: 49 | JI24: 57 | JJ24: 32 | JK24: 55 | JL24: 69 | JM24: 49 | JN24: 41 | JO24: 47 | JP24: 52 | JQ24: 55 | JR24: 52 | JS24: 48 | JT24: 55 | JU24: 62 | JV24: 59 | JW24: 56 | JX24: 65 | JY24: 51 | JZ24: 55 | KA24: 49 | KB24: 58 | KC24: 42 | KD24: 108 | KE24: 85 | KF24: 202 | KG24: 47 | KH24: 49 | KI24: 169 | KJ24: 25 | KK24: 42 | KL24: 28 | KM24: 7 | KN24: 102 | KO24: 74 | KP24: 50 | KQ24: 1 | KR24: 155 | KS24: 88 | KT24: 97 | KU24: 72 | KV24: 152 | KW24: 41 | KX24: 67 | KY24: 164 | KZ24: 94 | LA24: 71 | LB24: 99 | LC24: 4 | LD24: 53 | LK24: 230 | LL24: 116 | LM24: 54 | LN24: 78 | LO24: 61 | LP24: 31 | LQ24: 111 | LR24: 160 | LS24: 129 | LT24: 111 | LU24: 97 | LV24: 117 | LW24: 76 | LX24: 96 | LY24: 152 | LZ24: 172 | MA24: 67 | MB24: 106 | MC24: 95 | MD24: 73 | ME24: 46 | MF24: 194 | MG24: 120 | MH24: 117 | MI24: 131 | MJ24: 116 | MK24: 123 | ML24: 199 | MO24: 55 | MP24: 77 | MQ24: 125 | MR24: 112 | MS24: 106 | MT24: 87 | MU24: 113 | MV24: 214 | MW24: 32 | MX24: 128 | MY24: 0 | MZ24: 78 | NA24: 52 | NB24: 49 | NC24: 51 | ND24: 63 | NE24: 40 | NF24: 185 | NG24: 193 | NH24: 255 | NI24: 180 | NJ24: 52 | NK24: 49 | NL24: 42 | NM24: 55 | NN24: 30 | NO24: 35 | NP24: 55 | NQ24: 80 | NR24: 115 | NS24: 150 | NW24: HMGPXL | NX24: 5.6146809 | NY24: 5.0659941 | NZ24: 8.1686687 | OA24: 6.8938072 | OB24: 8.5077264 | OC24: 8.9694008 | OD24: 8.9975906 | OE24: 9.3687188 | OF24: 7.4526166 | OG24: 8.8105371 | OH24: 8.6045163 | OI24: 8.6240699 | OJ24: =SUM(NX24:OI24) -> 95.078327 | OK24: =NX24+NY24+NZ24 -> 18.849344 | OL24: =NY24+NZ24+OA24 -> 20.12847 | OM24: =NZ24+OA24+OB24 -> 23.570202 | ON24: =OG24+OH24+OI24 -> 26.039123 | OP24: 114 | OQ24: 106 | OR24: 22 | OS24: 0 | OT24: 11 | OU24: 0 | OV24: 0 | OW24: 0 | OX24: 38 | OY24: 0 | OZ24: 29 | PA24: 35
B25: B2C | C25: Organic | D25: =IFERROR(D7/D17,0) -> 0.42807222 | F25: =IFERROR(F7/#REF!,0) -> 0 | G25: =IFERROR(G7/G16,0) -> 0.6716308 | H25: =IFERROR(H7/H16,0) -> 0 | I25: =IFERROR(I7/I16,0) -> 0 | J25: =IFERROR(J7/J16,0) -> 0.46254612 | P25: =SUM(OP25:PT25) -> 1470 | Q25: B2C | R25: Organic | BZ25: 122 | CA25: 0 | CB25: 269 | CC25: 72.223 | CD25: 305.96747 | CE25: 244.49028 | CF25: 300.26665 | CG25: 178.5631 | CH25: 129.90583 | CI25: 94.346145 | CJ25: 181.15464 | CK25: 170.66542 | CL25: 278.37015 | CM25: 207.48977 | CN25: 284.63123 | CO25: 90.533245 | CP25: 170.49468 | CQ25: 173.01264 | CR25: 209.95186 | CS25: 153.7404 | CT25: 149.9666 | CU25: 182.54115 | CV25: 192.622 | CW25: 317.43397 | CX25: 163.7199 | CY25: 193.44408 | CZ25: 171 | DA25: 195 | DB25: 306 | DC25: 92 | DD25: 322 | DE25: 159 | DF25: 168 | DG25: 106 | DH25: 107 | DI25: 102 | DJ25: 86 | DK25: 210 | DL25: 192 | DM25: 255 | DN25: 243 | DO25: 127 | DP25: 194 | DQ25: 211 | DR25: 176 | DS25: 164 | DT25: 203 | DU25: 174 | DV25: 159 | DW25: 262 | DX25: 113 | DY25: 83 | DZ25: 116 | EA25: 98 | EB25: 116 | EC25: 52 | ED25: 63 | EE25: 5 | EF25: 43 | EG25: 48 | EH25: 0 | EI25: 85 | EJ25: 169 | EK25: 121 | EL25: 148 | EM25: 154 | EN25: 261 | EO25: 177 | EP25: 89 | EQ25: 473 | ER25: 301 | ES25: 123 | ET25: 282 | EU25: 195 | EV25: 167 | EW25: 270 | EX25: 365 | EY25: 136 | EZ25: 135 | FA25: 216 | FB25: 172 | FC25: 325 | FD25: 122 | FE25: 231 | FF25: 274 | FG25: 181 | FH25: 297 | FI25: 169 | FJ25: 182 | FK25: =74+150 -> 224 | FL25: 219 | FM25: 0 | FN25: 102 | FO25: 119 | FP25: 148 | FQ25: 192 | FR25: 277 | FS25: 88 | FT25: 192 | FU25: 37 | FV25: 259 | FW25: 310 | FX25: 216 | FY25: 174 | FZ25: 220 | GA25: 59 | GB25: 59 | GC25: 194 | GD25: 117 | GE25: 179 | GF25: 181 | GG25: 279 | GH25: 97 | GI25: 196 | GJ25: 218 | GK25: 179 | GL25: 87 | GM25: 217 | GN25: 91 | GO25: 78 | GR25: 203 | GS25: 99 | GT25: 116 | GU25: 101 | GV25: 97 | GW25: 3 | GX25: 281 | GY25: 203 | GZ25: 110 | HA25: 106 | HB25: 263 | HC25: 360 | HD25: 201 | HE25: 284 | HF25: 235 | HG25: 277 | HH25: 380 | HI25: 160 | HJ25: 314 | HK25: 62 | HL25: 242 | HM25: 164 | HN25: 85 | HO25: 119 | HP25: 292 | HQ25: 183 | HR25: 208 | HS25: 252 | HT25: 192 | HU25: 128 | HV25: 122 | HW25: 268 | HX25: 339 | HY25: 162 | HZ25: 270 | IA25: 192 | IB25: 309 | IC25: 99 | ID25: 247 | IE25: 134 | IF25: 93 | IG25: 279 | IH25: 215 | II25: 290 | IJ25: 189 | IK25: 238 | IL25: 104 | IM25: 79 | IN25: 204 | IO25: 161 | IP25: 229 | IQ25: 145 | IR25: 283 | IS25: 187 | IT25: 180 | IU25: 185 | IV25: 256 | IW25: 122 | IX25: 142 | IY25: 254 | IZ25: 50 | JB25: 463 | JC25: 93 | JD25: 187 | JE25: 120 | JF25: 272 | JG25: 87 | JH25: 66 | JI25: 212 | JJ25: 283 | JK25: 163 | JL25: 340 | JM25: 252 | JN25: 356 | JO25: 240 | JP25: 150 | JQ25: 161 | JR25: 253 | JS25: 80 | JT25: 158 | JU25: 126 | JV25: 212 | JW25: 210 | JX25: 194 | JY25: 190 | JZ25: 223 | KA25: 129 | KB25: 226 | KC25: 71 | KD25: 209 | KE25: 106 | KF25: 229 | KG25: 211 | KH25: 195 | KI25: 161 | KJ25: 270 | KK25: 288 | KL25: 118 | KM25: 143 | KN25: 249 | KO25: 311 | KP25: 231 | KQ25: 164 | KR25: 357 | KS25: 288 | KT25: 275 | KU25: 218 | KV25: 216 | KW25: 205 | KX25: 128 | KY25: 164 | KZ25: 223 | LA25: 134 | LB25: 170 | LC25: 108 | LD25: 305 | LE25: 2 | LF25: 181 | LG25: 255 | LK25: 436 | LL25: 157 | LM25: 175 | LN25: 231 | LO25: 245 | LP25: 124 | LQ25: 157 | LR25: 273 | LS25: 76 | LT25: 154 | LU25: 347 | LV25: 225 | LW25: 170 | LX25: 263 | LY25: 92 | LZ25: 177 | MA25: 128 | MB25: 352 | MC25: 148 | MD25: 150 | ME25: 294 | MF25: 191 | MG25: 176 | MH25: 118 | MI25: 161 | MJ25: 150 | MK25: 45 | ML25: 142 | MM25: 193 | MO25: 67 | MP25: 227 | MQ25: 156 | MR25: 191 | MS25: 167 | MT25: 164 | MU25: 54 | MV25: 183 | MW25: 257 | MX25: 327 | MY25: 182 | MZ25: 116 | NA25: 455 | NB25: 229 | NC25: 167 | ND25: 274 | NE25: 184 | NF25: 191 | NG25: 185 | NH25: 202 | NI25: 55 | NJ25: 396 | NK25: 144 | NL25: 150 | NM25: 272 | NN25: 187 | NO25: 164 | NP25: 40 | NQ25: 167 | NR25: 181 | NS25: 95 | NW25: HMTD | NX25: 29.44516 | NY25: 31.661111 | NZ25: 39.558792 | OA25: 39.433475 | OB25: 41.070922 | OC25: 42.53222 | OD25: 44.600166 | OE25: 45.936801 | OF25: 42.592501 | OG25: 51.252307 | OH25: 50.441166 | OI25: 49.493549 | OJ25: =SUM(NX25:OI25) -> 508.01817 | OK25: =NX25+NY25+NZ25 -> 100.66506 | OL25: =NY25+NZ25+OA25 -> 110.65338 | OM25: =NZ25+OA25+OB25 -> 120.06319 | ON25: =OG25+OH25+OI25 -> 151.18702 | OP25: 69 | OQ25: 92 | OR25: 148 | OS25: 3 | OT25: 114 | OU25: 202 | OV25: 165 | OW25: 267 | OX25: 284 | OY25: 195
B26: B2C | C26: Ads | D26: =IFERROR(D8/D16,0) -> 0 | E26: =IFERROR(E8/E17,0) -> 0 | F26: =IFERROR(F8/#REF!,0) -> 0 | G26: =IFERROR(G8/G17,0) -> 0 | H26: =IFERROR(H8/H17,0) -> 0 | I26: =IFERROR(I8/I17,0) -> 0 | J26: =IFERROR(J8/J17,0) -> 0 | P26: =SUM(OP26:PT26) -> 1470 | Q26: HPH | BZ26: =SUM(BZ28:BZ29) -> 3080.4226 | CA26: =SUM(CA27:CA29) -> 37.07381 | CB26: =SUM(CB27:CB29) -> 154.65263 | CC26: =SUM(CC27:CC29) -> 182.83423 | CD26: =SUM(CD27:CD29) -> 252.33698 | CE26: =SUM(CE27:CE29) -> 234.97867 | CF26: =SUM(CF27:CF29) -> 5.79146 | CG26: =SUM(CG27:CG29) -> 38.062476 | CH26: =SUM(CH27:CH29) -> 77.610235 | ... NS26: =SUM(NS27:NS29) -> 0 | NW26: HMGKD | NX26: 3.3340252 | NY26: 4.160764 | NZ26: 4.4686516 | OA26: 5.4367619 | OB26: 5.7785716 | OC26: 6.0256007 | OD26: 6.3072392 | OE26: 6.5486809 | OF26: 7.0481095 | OG26: 7.076398 | OH26: 6.9028636 | OI26: 6.912334 | OJ26: =SUM(NX26:OI26) -> 70 | OK26: =NX26+NY26+NZ26 -> 11.963441 | OL26: =NY26+NZ26+OA26 -> 14.066177 | OM26: =NZ26+OA26+OB26 -> 15.683985 | ON26: =OG26+OH26+OI26 -> 20.891596 | OP26: 69 | OQ26: 92 | OR26: 148 | OS26: 3 | OT26: 114 | OU26: 202 | OV26: 165 | OW26: 267 | OX26: 284 | OY26: 195 | PA26: =SUM(PA27:PA29) -> 0 | PB26: =SUM(PB27:PB29) -> 0 | PC26: =SUM(PC27:PC29) -> 0 | PD26: =SUM(PD27:PD29) -> 0 | PE26: =SUM(PE27:PE29) -> 0 | PF26: =SUM(PF27:PF29) -> 0 | PG26: =SUM(PG27:PG29) -> 0 | PH26: =SUM(PH27:PH29) -> 0 | ... PT26: =SUM(PT27:PT29) -> 0
B27: B2C | C27: PHI | F27: =IFERROR(F9/#REF!,0) -> 0 | J27: =IFERROR(J9/J18,0) -> 0 | P27: =SUM(OP27:PT27) -> 0 | Q27: B2B | R27: CHC | BZ27: 0 | CA27: 0 | CB27: 0 | CC27: 0 | CD27: 0 | CE27: 0 | CF27: 0 | CG27: 0 | CH27: 0 | CI27: 0 | CJ27: 0 | CK27: 0 | CP27: 0 | CQ27: 0 | CR27: 0 | CS27: 0 | CT27: 0 | CU27: 0 | CV27: 0 | CW27: 0 | CX27: 0 | CY27: 0 | CZ27: 0 | DD27: 0 | DF27: 0 | DG27: 0 | DH27: 0 | DI27: 0 | DJ27: 0 | DK27: 0 | DL27: 0 | DM27: 0 | DN27: 0 | DO27: 0 | DP27: 0 | DQ27: 0 | DR27: 0 | DS27: 0 | DT27: 0 | DU27: 0 | DV27: 0 | DW27: 0 | DX27: 0 | DY27: 0 | DZ27: 0 | EA27: 0 | EB27: 0 | EC27: 0 | ED27: 0 | EE27: 0 | EF27: 0 | EG27: 0 | EH27: 0 | EI27: 0 | EJ27: 0 | EK27: 0 | EL27: 0 | EM27: 0 | EN27: 0 | EO27: 0 | EP27: 0 | EQ27: 0 | ER27: 0 | ES27: 0 | ET27: 0 | EU27: 0 | EV27: 0 | EW27: 0 | EX27: 0 | EY27: 0 | EZ27: 0 | FA27: 0 | FB27: 0 | FC27: 0 | FD27: 0 | FE27: 0 | FF27: 0 | FG27: 0 | FH27: 0 | FI27: 0 | FJ27: 0 | FK27: 0 | FL27: 0 | FM27: 0 | KF27: 430 | NW27: HPEC | NX27: 5.5031591 | NY27: 5.5031591 | NZ27: 6.5234915 | OA27: 6.6267077 | OB27: 7.1386578 | OC27: 6.2391163 | OD27: 6.7254446 | OE27: 6.4537323 | OF27: 6.0966346 | OG27: 7.2747747 | OH27: 6.2765417 | OI27: 6.1327066 | OJ27: =SUM(NX27:OI27) -> 76.494126 | OK27: =NX27+NY27+NZ27 -> 17.52981 | OL27: =NY27+NZ27+OA27 -> 18.653358 | OM27: =NZ27+OA27+OB27 -> 20.288857 | ON27: =OG27+OH27+OI27 -> 19.684023
B28: Total Hospitals/Clinics | D28: =R6 -> 0.48679136 | E28: =R5 -> 0.22984313 | F28: =R10 -> 0.55205127 | G28: =R9 -> 0.47304569 | H28: =R8 -> 0.008153007 | I28: =R7 -> 0.13364228 | J28: =R4 -> 0.49046059 | P28: =SUM(OP28:PT28) -> 2712 | R28: REF | BZ28: 146.4226 | CA28: 37.07381 | CB28: 154.65263 | CC28: 182.83423 | CD28: 252.33698 | CE28: 234.97867 | CF28: 5.79146 | CG28: 38.062476 | CH28: 77.610235 | CI28: 282.81662 | CJ28: 356.56583 | CK28: 202.88487 | CL28: 166.87239 | CM28: 217.74544 | CN28: 198.92671 | CO28: 0 | CP28: 55.288019 | CQ28: 250.46723 | CR28: 154.29218 | CS28: 72.7713 | CT28: 80.843 | CU28: 473.41167 | CV28: 77.7945 | CW28: 64.6844 | CX28: 100.73532 | CY28: 91.4944 | CZ28: 170.7213 | DA28: 17 | DB28: 74 | DC28: 265 | DD28: 228 | DE28: 91.854601 | DF28: 137.5599 | DG28: 225.7143 | DH28: 133.4413 | DI28: 92.673689 | DJ28: 158.80998 | DK28: 0.7 | DL28: 234.9396 | DM28: 13.395938 | DN28: 91.229405 | DO28: 112.54985 | DP28: 285.426 | DQ28: 108.4922 | DR28: 110.4552 | DS28: 95.2404 | DT28: 154.9793 | DU28: 57.1464 | DV28: 188.5664 | DW28: 138.7032 | DX28: 220.49518 | DY28: 167.3734 | DZ28: 33.6686 | EA28: 120.5383 | EB28: 101.556 | EC28: 233.5711 | ED28: 303.2556 | EE28: 145.1273 | EF28: 258.5051 | EG28: 251 | EH28: 0 | EI28: 1 | EJ28: 163 | EK28: 66 | EL28: 44 | EM28: 300 | EN28: 74 | EO28: 150 | EP28: 137 | EQ28: 217 | ER28: 515 | ES28: 61 | ET28: 182 | EU28: 185 | EV28: 94 | EW28: 10 | EX28: 78 | EY28: 77 | EZ28: 97 | FA28: 195 | FB28: 124 | FC28: 180 | FD28: 218 | FE28: 242 | FF28: 99 | FG28: 106 | FH28: 172 | FI28: 97 | FJ28: 219 | FK28: 91 | FL28: 107 | FM28: 77 | FN28: 50.5514 | FO28: 272.49446 | FP28: 126.0214 | FQ28: 72.9947 | FR28: 111.6497 | FS28: 335.3963 | FT28: 167.1585 | FU28: 207.2495 | FV28: 151.62908 | FW28: 125.5862 | FX28: 105.08694 | FY28: 167.72736 | FZ28: 98.8985 | GA28: 143.2065 | GB28: 74.1486 | GC28: 201.0852 | GD28: 72.1591 | GE28: 134.2067 | GF28: 109.9738 | GG28: 165.3279 | GH28: 182.7034 | GI28: 54.6471 | GJ28: 356.0443 | GK28: 330.7491 | GL28: 114.3568 | GM28: 97.2348 | GN28: 60.0416 | GO28: 111.9495 | GP28: 0 | GQ28: 168.2365 | GR28: 213.4185 | GS28: 113.3354 | GT28: 62.563824 | GU28: 198.3584 | GV28: 252.04879 | GW28: 103.0212 | GX28: 192.7269 | GY28: 495.9741 | GZ28: 221.82524 | HA28: 131.12609 | HB28: 313.46505 | HC28: 52.0885 | HD28: 80.5222 | HE28: 99.0923 | HF28: 266.4382 | HG28: 216.06857 | HH28: 169.9174 | HI28: 215.5146 | HJ28: 169.5904 | HK28: 109.6664 | HL28: 231.20546 | HM28: 82.243732 | HN28: 59.810745 | HO28: 253.0239 | HP28: 161.754 | HQ28: 227.2714 | HR28: 38.3283 | HS28: 102.9972 | HT28: 243.917 | HU28: 124.5732 | HW28: 366.2405 | HX28: 6 | HY28: 327.6463 | HZ28: 0 | JB28: 207.00175 | JC28: 71.637388 | JD28: 132.21383 | JE28: 75.897114 | JF28: 45.021201 | JG28: 109.4421 | JH28: 0 | JI28: 178.99795 | JJ28: 19.314738 | JK28: 189.72833 | JL28: 191.02229 | JM28: 284.51646 | JN28: 40.468394 | JO28: 177.72592 | JP28: 118.64824 | JQ28: 281.49502 | JR28: 179.57096 | JS28: 157.30969 | JT28: 225.29849 | JU28: 136.47204 | JV28: 27.547687 | JW28: 133.48265 | JX28: 217.87362 | JY28: 107.01025 | JZ28: 173.58078 | KA28: 0 | KB28: 153.10404 | KC28: 48.685624 | KD28: 146.76522 | KE28: 15.479616 | KF28: 573.7462 | KG28: 76.139108 | KH28: 131.95037 | KI28: 216.57622 | KJ28: 88.475188 | KK28: 293.98259 | KL28: 289.08801 | KM28: 83.609396 | KN28: 45.265706 | KO28: 154.36055 | KP28: 159.63273 | KQ28: 85.679125 | KR28: 325.21673 | KS28: 133.49293 | KT28: 138.22967 | KU28: 330.77359 | KV28: 121.3843 | KW28: 473.59481 | KX28: 59.257646 | KY28: 536.8954 | KZ28: 279.44813 | LA28: 138.06201 | LB28: 202.34669 | LC28: 121.37295 | LD28: 62.254582 | LE28: 199.67921 | LF28: 103.1643 | LG28: 61.081172 | LH28: 25.177742 | LI28: 25.838268 | LJ28: 192.57362 | LK28: 258.2555 | LL28: 125.27448 | LM28: 203.62096 | LN28: 99.953458 | LO28: 199.99992 | LP28: 89.470593 | LQ28: 48.402402 | LR28: 263.50181 | LS28: 43.508792 | LT28: 240.40361 | LU28: 858.9287 | LV28: 191.96911 | LW28: 168.27413 | LX28: 64.755015 | LY28: 310.65158 | LZ28: 31.106367 | MA28: 431.74352 | MB28: 562.31185 | MC28: 218.8531 | MD28: 94.894257 | ME28: 182.24513 | MF28: 285.78297 | MG28: 66.635484 | MH28: 211.8216 | MI28: 475.32814 | MJ28: 151.05869 | MK28: 166.47764 | ML28: 64.750006 | MM28: 50.124679 | MN28: 0 | MO28: 571.02167 | MP28: 206.98654 | MQ28: 10.939836 | MR28: 173.84869 | MS28: 268.31453 | MT28: 125.95307 | MU28: 277.141 | MV28: 174.11261 | MW28: 340.03548 | MX28: 254.06625 | MY28: 18.151276 | MZ28: 273.04335 | NA28: 444.90133 | NB28: 4.427848 | NC28: 344.34026 | ND28: 182.57546 | NE28: 287.36083 | NF28: 43.466169 | NG28: 276.28727 | NH28: 396.81032 | NI28: 331.51694 | NJ28: 176.06851 | NK28: 156.31647 | NL28: 214.23733 | NM28: 390.9102 | NN28: 380.89276 | NO28: 123.96256 | NW28: HPH | NX28: 35.264064 | NY28: 35.864293 | NZ28: 37.774457 | OA28: 41.210514 | OB28: 42.156372 | OC28: 39.610102 | OD28: 41.640321 | OE28: 39.614784 | OF28: 37.983799 | OG28: 44.522895 | OH28: 41.527639 | OI28: 41.796919 | OJ28: =SUM(NX28:OI28) -> 478.96616 | OK28: =NX28+NY28+NZ28 -> 108.90281 | OL28: =NY28+NZ28+OA28 -> 114.84926 | OM28: =NZ28+OA28+OB28 -> 121.14134 | ON28: =OG28+OH28+OI28 -> 127.84745 | OP28: 2712
B29: % Contribution | C29: Sales Channel | D29: =L6 -> 0.094218112 | E29: =L5 -> 0.45615864 | F29: =L10 -> 0.058411458 | G29: =L9 -> 0.30244398 | I29: =L7 -> 0 | J29: =L4 -> 0.11303097 | P29: =SUM(OP29:PT29) -> 3283 | Q29: B2C | R29: Organic | BZ29: 2934 | CZ29: 0 | DD29: 0 | DE29: 171.19308 | DF29: 181.69091 | DG29: 237.66123 | DH29: 142.46417 | DI29: 210.79387 | DJ29: 59.30837 | DK29: 150.5512 | DL29: 43.742551 | DM29: 0 | DN29: 139.58424 | DO29: 121.30628 | DP29: 214.36734 | DQ29: 108.62532 | DR29: 99.163239 | DS29: 0 | DT29: 82.901982 | DU29: 156.78607 | DV29: 149.4285 | DW29: 207.09865 | DX29: 102.76014 | DY29: 88.284239 | DZ29: 150.54757 | EA29: 43.32656 | EB29: 38.720387 | EC29: 141.43957 | ED29: 0 | EE29: 86.995375 | EF29: 157.20303 | EG29: 0 | EH29: 0 | EI29: 69 | EJ29: 227 | EK29: 0 | EL29: 106 | EM29: 161 | EN29: 0 | EO29: 97 | EP29: 93 | EQ29: 241 | ER29: 247 | ES29: 229 | ET29: 233 | EU29: 155 | EV29: 153 | EW29: 140 | EX29: 176 | EY29: 50 | EZ29: 128 | FA29: 286 | FB29: 69 | FC29: 187 | FD29: 171 | FE29: 180 | FF29: 157 | FG29: 384 | FH29: 153 | FI29: 47 | FJ29: 293 | FK29: 258 | FL29: 146 | FM29: 0 | FN29: 247.51044 | FO29: 129.29165 | FP29: 59.199148 | FQ29: 220.10297 | FR29: 79.304646 | FS29: 184.00963 | FT29: 153.42939 | FU29: 151.59027 | FV29: 189.73596 | FW29: 135.27407 | FX29: 85.462674 | FY29: 228.10471 | FZ29: 110.86024 | GA29: 426.15753 | GB29: 120.74565 | GC29: 0 | GD29: 243.89418 | GE29: 122.19781 | GF29: 111.2953 | GG29: 113.33151 | GH29: 106.63055 | GI29: 0 | GJ29: 9.76 | GK29: 185.53908 | GL29: 250.42522 | GM29: 236.42051 | GN29: 200.01552 | GO29: 149.9066 | GP29: 240.75634 | GQ29: 117.44882 | GR29: 1211.1637 | GS29: 0 | GT29: 56.994728 | GU29: 0 | GV29: 37.906522 | GW29: 43.305683 | GX29: 42.898987 | GY29: 203.68119 | GZ29: 0 | HA29: 38.023647 | HB29: 112.43374 | HC29: 246.31662 | HD29: 174.95058 | HE29: 228.75845 | HF29: 155.18651 | HG29: 103.37172 | HH29: 150.33784 | HI29: 113.37717 | HJ29: 282.35697 | HK29: 201.54519 | HL29: 143.41789 | HM29: 175.63933 | HN29: 191.6007 | HO29: 82.943307 | HP29: 238.51001 | HQ29: 148.28634 | HR29: 90.964259 | HW29: 134.06607 | HX29: 85.45831 | HY29: 338.30449 | HZ29: 55.526646 | JB29: 99.033084 | JC29: 0 | JD29: 169.47903 | JE29: 296.07612 | JF29: 127.9803 | JG29: 57.512861 | JH29: 0 | JI29: 57.05 | JJ29: 0 | JK29: 75.876516 | JL29: 252.33425 | JM29: 255.08283 | JN29: 282.94121 | JO29: 53.357954 | JP29: 0 | JQ29: 0 | JR29: 94.894201 | JS29: 313.03226 | JT29: 47.469032 | JU29: 274.79451 | JV29: 160.96347 | JW29: 55.390732 | JX29: 542.16324 | JY29: 77.629361 | JZ29: 155.59612 | KA29: 137.68211 | KB29: 203.19155 | KC29: 114.60517 | KD29: 193.6422 | KE29: 283.21217 | KF29: 111.04851 | KG29: 0 | KH29: 216.80257 | KI29: 242.23959 | KJ29: 201.7399 | KK29: 29.653784 | KL29: 168.97627 | KM29: 169.90674 | KN29: 120.71961 | KO29: 53.095151 | KP29: 178.15315 | KQ29: 158.68406 | KR29: 386.4183 | KS29: 126.95443 | KT29: 316.58982 | KU29: 169.16316 | KV29: 115.09607 | KW29: 225.06254 | KX29: 174.74179 | KY29: 275.21082 | KZ29: 91.156412 | LA29: 291.94396 | LB29: 192.48941 | LC29: 122.67937 | LD29: 290.42657 | LE29: 182.76799 | LF29: 85.878019 | LG29: 163.04773 | LH29: 146.33327 | LI29: 40.191583 | LJ29: 0 | LK29: 281.5747 | LL29: 109.46656 | LM29: 366.38447 | LN29: 186.67727 | LO29: 81.688351 | LP29: 330.59887 | LQ29: 136.94809 | LR29: 207.72863 | LS29: 104.63255 | LT29: 144.93885 | LU29: 422.3365 | LV29: 303.94358 | LW29: 293.12317 | LX29: 295.07019 | LY29: 85.831665 | LZ29: 154.95526 | MA29: 192.88965 | MB29: 68.830609 | MC29: 241.37566 | MD29: 271.30526 | ME29: 311.8909 | MF29: 264.21384 | MG29: 197.51756 | MH29: 318.46389 | MI29: 77.901155 | MJ29: 0 | MK29: 60.384021 | ML29: 303.91372 | MM29: 203.21194 | MN29: 145.97957 | MO29: 124.04941 | MP29: 493.00194 | MQ29: 751.37661 | MR29: 177.31528 | MS29: 237.2437 | MT29: 218.67738 | MU29: 557.18671 | MV29: 95.740107 | MW29: 119.63715 | MX29: 356.25162 | MY29: 266.97241 | MZ29: 146.69081 | NA29: 331.00791 | NB29: 90.651821 | NC29: 259.09402 | ND29: 140.33732 | NE29: 56.8073 | NF29: 215.73426 | NG29: 0 | NH29: 100.4791 | NI29: 171.59922 | NJ29: 88.897863 | NK29: 231.40876 | NL29: 55 | NM29: 155 | NN29: 0 | NO29: 0 | NW29: HMSG | NX29: 100.24807 | NY29: 105.42702 | NZ29: 125.12418 | OA29: 114.12681 | OB29: 127.85696 | OC29: 127.78258 | OD29: 130.82758 | OE29: 142.4263 | OF29: 128.70296 | OG29: 142.59119 | OH29: 137.79124 | OI29: 140.14089 | OJ29: =SUM(NX29:OI29) -> 1523.0458 | OK29: =NX29+NY29+NZ29 -> 330.79927 | OL29: =NY29+NZ29+OA29 -> 344.67801 | OM29: =NZ29+OA29+OB29 -> 367.10795 | ON29: =OG29+OH29+OI29 -> 420.52332 | OP29: 3283
C30: CHC | D30: =IFERROR(D5/1000/N$6,0) -> 0.01847007 | F30: =IFERROR(F5/1000/N$10,0) -> 0.0042654971 | J30: =IFERROR(J5/1000/N$4,0) -> 0.0062431625 | P30: =SUM(OP30:PT30) -> 4519 | Q30: HMSG | BZ30: =SUM(BZ31:BZ33) -> 152.97303 | CA30: =SUM(CA31:CA33) -> 37.616318 | CB30: =SUM(CB31:CB33) -> 280.64908 | CC30: =SUM(CC31:CC33) -> 303.79565 | CD30: =SUM(CD31:CD33) -> 281.57068 | CE30: =SUM(CE31:CE33) -> 410.37522 | CF30: =SUM(CF31:CF33) -> 481.34185 | CG30: =SUM(CG31:CG33) -> 472.71173 | ... NS30: =SUM(NS31:NS33) -> 0 | OJ30: =OJ23*90%-OJ14 -> 1.9828969 | OP30: =SUM(OP31:OP33) -> 4519 | OQ30: =SUM(OQ31:OQ33) -> 0 | OR30: =SUM(OR31:OR33) -> 0 | OS30: =SUM(OS31:OS33) -> 0 | OT30: =SUM(OT31:OT33) -> 0 | OU30: =SUM(OU31:OU33) -> 0 | OV30: =SUM(OV31:OV33) -> 0 | OW30: =SUM(OW31:OW33) -> 0 | ... PT30: =SUM(PT31:PT33) -> 0
C31: REF | D31: =IFERROR(D6/1000/N$6,0) -> 0.01473455 | F31: =IFERROR(F6/1000/N$10,0) -> 0.037756112 | G31: =IFERROR(G6/1000/N$9,0) -> 0.13716469 | J31: =IFERROR(J6/1000/N$4,0) -> 0.048391518 | P31: =SUM(OP31:PT31) -> 330 | Q31: B2B | R31: CHC | BZ31: 30.753612 | CA31: 7.5623637 | CB31: 56.421535 | CC31: 61.074909 | CD31: 56.606813 | CE31: 82.501606 | CF31: 96.768699 | CG31: 95.033703 | CH31: 0 | CI31: 219.91031 | CJ31: 124.28745 | CK31: 146.17787 | CL31: 140.30856 | CM31: 114.63399 | CN31: 51.92823 | CO31: 28.989061 | CP31: 143.3371 | CQ31: 96.860014 | CR31: 90.784915 | CS31: 330.35682 | CT31: 62.371603 | CU31: 135.36631 | CV31: 32.770243 | CW31: 49.739456 | CX31: 114.44167 | CY31: 28.95 | CZ31: 0 | DA31: 84.89675 | DB31: 0 | DC31: 0 | DD31: 29.325 | DE31: 140.32105 | DF31: 324.372 | DG31: 4.545 | DH31: 81.654 | DI31: 0 | DJ31: 0 | DK31: 0 | DL31: 49.967 | DM31: 18.477 | DN31: 7.795 | DO31: 295.1865 | DP31: 0 | DQ31: 0 | DR31: 1794.5292 | DS31: 632.466 | DT31: 114.0655 | DU31: 60 | DV31: 167.492 | DW31: 54.205 | DX31: 0 | DY31: 0 | DZ31: 864.3315 | EA31: 1090.23 | EB31: 38.69 | EC31: 80.76 | ED31: 0 | EE31: 0 | EF31: 80.695 | EG31: 30 | EH31: 0 | EI31: 0 | EJ31: 0 | EK31: 0 | EL31: 0 | EM31: 815.33032 | EN31: 775 | EO31: 0 | EP31: 198 | EQ31: 145 | ER31: 0 | ES31: 0 | ET31: 239 | EU31: 154 | EV31: 136 | EW31: 151 | EX31: 116 | EY31: 192 | EZ31: 0 | FA31: 0 | FB31: 110 | FC31: 333 | FD31: 176 | FE31: 0 | FF31: 103 | FG31: 820 | FH31: 289 | FI31: 0 | FJ31: 60 | FK31: 101 | FL31: 172 | FM31: 292 | FN31: 0 | FO31: 759.3815 | FP31: 294.17875 | FQ31: 84.1655 | FR31: 155.23645 | FS31: 0 | FT31: 0 | FU31: 0 | FV31: 495.50664 | FW31: 803.67275 | FX31: 0 | FY31: 0 | FZ31: 365.1305 | GA31: 109.83 | GB31: 0 | GC31: 11.16 | GD31: 0 | GE31: 65 | GF31: 0 | GJ31: 152 | GK31: 19 | GL31: 109 | GM31: 39 | GQ31: 78 | GR31: 382.01483 | GS31: 0 | GT31: 2088.4951 | GU31: 212.61789 | GV31: 35.875576 | GW31: 0 | GX31: 295.12525 | GY31: 606.49696 | GZ31: 309.537 | HA31: 0 | HB31: 0 | HC31: 365.9318 | HD31: 0 | HE31: 0 | HF31: 300.2975 | HG31: 99.237 | HH31: 218.6483 | HI31: 0 | HJ31: 247.27775 | HK31: 0 | HL31: 145.2405 | HM31: 251.9965 | HN31: 0 | HO31: 70.365 | HP31: 195.47895 | HQ31: 0 | HR31: 0 | HS31: 0 | HT31: 385.2 | HU31: 0 | HV31: 297.70575 | HW31: 36.113733 | HX31: 2912.1923 | HY31: 0 | HZ31: 591.97348 | IA31: 211.84165 | IB31: 1258.123 | IC31: 196.41211 | ID31: 858.13905 | IE31: 0 | IF31: 0 | IG31: 181.63769 | IH31: 136.40918 | II31: 2688.4242 | IJ31: 397.07632 | IK31: 411.37105 | IL31: 0 | IM31: 0 | IN31: 528.82292 | IO31: 987.63234 | IP31: 67.41687 | IQ31: 405.69359 | IR31: 0 | IS31: 127.8706 | IT31: 0 | IU31: 86.582 | IV31: 65.835 | IW31: 722.393 | IX31: 985.91515 | IY31: 56.725 | IZ31: 0 | JA31: 0 | JB31: 0 | JC31: 0 | JD31: 660.77719 | JE31: 1446.1375 | JF31: 1068.2455 | JG31: 526.12403 | JH31: 0 | JI31: 227.60724 | JJ31: 0 | JK31: 351.07182 | JL31: 517.14986 | JM31: 25.869605 | JN31: 405.48796 | JO31: 0 | JP31: 0 | JQ31: 43.502626 | JR31: 61.415627 | JS31: 5.1502236 | JT31: 16.46088 | JU31: 0 | JV31: 0 | JW31: 414 | JX31: 17.6 | JY31: 44.2211 | JZ31: 0 | KA31: 100.415 | KB31: 176.18804 | KC31: 0 | KD31: 20 | KF31: 730.6447 | KG31: 753.487 | KH31: 223.6014 | KI31: 87.07 | KJ31: 0 | KK31: 1255.976 | KL31: 92.075 | KM31: 157.7382 | KN31: 414.639 | KO31: 19.125 | KP31: 0 | KQ31: 0 | KR31: 97.764 | KS31: 201.364 | KT31: 188.71 | KU31: 601.817 | KV31: 97.3585 | KW31: 0 | KX31: 0 | KY31: 29.995 | KZ31: 163.755 | LA31: 30.07 | LB31: 33.5 | LC31: 163.601 | LD31: 509.8266 | LE31: 0 | LF31: 424.6643 | LG31: 1221.525 | LH31: 34.49475 | LK31: 14.7 | LM31: 50.4 | LQ31: 41.4 | LR31: 144.6 | LT31: 116.8 | LU31: 694.7 | LV31: 163.8 | LX31: 26.9 | LY31: 301 | LZ31: 302.2 | MA31: 153.2 | MB31: 33.9 | MC31: 103 | MD31: 62.7 | ME31: 12.9 | MH31: 15.7 | MI31: 142.9 | MJ31: 200.7 | MK31: 12.7 | ML31: 334.1 | MN31: 339.3 | MO31: 354 | MP31: 27 | MQ31: 47 | MR31: 133 | MS31: 99 | MT31: 0 | MU31: 0 | MV31: 44 | MW31: 10 | MX31: 26 | MY31: 0 | MZ31: 146 | NA31: 0 | NB31: 59 | NC31: 168 | ND31: 288 | NE31: 69 | NF31: 127 | NG31: 0 | NH31: 249 | NI31: 0 | NJ31: 107 | NK31: 73 | NL31: 92 | NM31: 0 | NN31: 0 | NO31: 0 | NP31: 0 | NQ31: 31 | NW31: % Viện | NX31: Jan | NY31: Feb | NZ31: Mar | OA31: Apr | OB31: May | OC31: Jun | OD31: Jul | OE31: Aug | OF31: Sep | OG31: Oct | OH31: Nov | OI31: Dec | OJ31: Total 2025 | OK31: Q1 | OL31: Q2 | OM31: Q3 | ON31: Q4 | OP31: 330
C32: Organic | D32: =IFERROR(D7/1000/N$6,0) -> 0.061013491 | E32: =IFERROR(E7/1000/N$5,0) -> 0.44651271 | F32: =IFERROR(F7/1000/N$10,0) -> 0.016389849 | G32: =IFERROR(G7/1000/N$9,0) -> 0.16604413 | J32: =IFERROR(J7/1000/N$4,0) -> 0.058396286 | P32: =SUM(OP32:PT32) -> 2921 | R32: REF | BZ32: 89.766798 | CA32: 22.073803 | CB32: 164.68896 | CC32: 178.27171 | CD32: 165.22977 | CE32: 240.81415 | CF32: 282.4584 | CG32: 277.39412 | CH32: 0 | CI32: 641.89677 | CJ32: 362.78295 | CK32: 426.67896 | CL32: 409.54702 | CM32: 334.60545 | CN32: 151.57345 | CO32: 84.616244 | CP32: 418.38704 | CQ32: 282.72495 | CR32: 264.99232 | CS32: 964.27936 | CT32: 182.05663 | CU32: 395.12107 | CV32: 95.653146 | CW32: 145.18463 | CX32: 334.04407 | CY32: 220 | CZ32: 0 | DA32: 282 | DB32: 595 | DC32: 19 | DD32: 218 | DE32: 255 | DF32: 337 | DG32: 0 | DH32: 40 | DI32: 526 | DJ32: 0 | DK32: 60 | DL32: 60 | DM32: 90 | DN32: 180 | DO32: 190 | DP32: 125 | DQ32: 60 | DR32: 190 | DS32: 150 | DT32: 177 | DU32: 150 | DV32: 50 | DW32: 570 | DX32: 30 | DY32: 0 | DZ32: 800 | EA32: 110 | EB32: 140 | EC32: 100 | ED32: 0 | EE32: 0 | EF32: 80 | EG32: 0 | EH32: 0 | EI32: 25 | EJ32: 50 | EK32: 0 | EL32: 0 | EM32: 190 | EN32: 80 | EO32: 157 | EP32: 580 | EQ32: 125 | ER32: 0 | ES32: 50 | ET32: 140 | EU32: 140 | EV32: 50 | EW32: 220 | EX32: 0 | EY32: 55 | EZ32: 60 | FA32: 205 | FB32: 75 | FC32: 40 | FD32: 0 | FE32: 0 | FF32: 0 | FG32: 54 | FH32: 57 | FI32: 0 | FJ32: 0 | FK32: 50 | FL32: 70 | FM32: 25 | FN32: 120 | FO32: 50 | FP32: 51 | FQ32: 30 | FR32: 0 | FS32: 110 | FT32: 60 | FU32: 150 | FV32: 224 | FW32: 0 | FX32: 30 | FY32: 160 | FZ32: 120 | GA32: 0 | GB32: 35 | GC32: 55 | GD32: 158 | GF32: 161 | GJ32: 130 | GL32: 30 | GM32: 105 | GQ32: 120 | GR32: 40 | GS32: 0 | GT32: 25 | GU32: 0 | GV32: 70 | GW32: 0 | GX32: 50 | GY32: 325 | GZ32: 150 | HA32: 130 | HB32: 110 | HC32: 40 | HD32: 120 | HE32: 0 | HF32: 0 | HG32: 281 | HH32: 0 | HI32: 261 | HJ32: 23 | HK32: 54 | HL32: 50 | HM32: 100 | HN32: 20 | HO32: 110 | HP32: 50 | HQ32: 0 | HR32: 0 | HS32: 70 | HT32: 0 | HU32: 100 | HV32: 430 | HW32: 358 | HX32: 40 | HY32: 200 | HZ32: 0 | IA32: 32.918322 | IB32: 143 | IC32: 0 | ID32: 80 | IE32: 0 | IF32: 0 | IG32: 120 | IH32: 20 | II32: 0 | IJ32: 50 | IK32: 200 | IL32: 100 | IM32: 230 | IN32: 100 | IO32: 154 | IP32: 0 | IQ32: 200 | IR32: 40 | IS32: 100 | IT32: 80 | IU32: 0 | IV32: 250 | IW32: 0 | IX32: 248 | IY32: 240 | IZ32: 100 | JA32: 70 | JB32: 0 | JC32: 70 | JD32: 0 | JE32: 0 | JF32: 29 | JG32: 100 | JH32: 50 | JI32: 0 | JJ32: 170 | JK32: 80 | JL32: 300 | JM32: 0 | JN32: 140 | JO32: 200 | JP32: 0 | JQ32: 0 | JR32: 0 | JS32: 50 | JT32: 100 | JU32: 770 | JV32: 0 | JW32: 0 | JX32: 100 | JY32: 78 | JZ32: 157 | KA32: 70 | KB32: 168 | KC32: 144 | KF32: 50 | KG32: 0 | KH32: 125 | KI32: 78 | KJ32: 280 | KK32: 270 | KL32: 124 | KM32: 0 | KN32: 150 | KO32: 0 | KP32: 250 | KQ32: 100 | KR32: 0 | KS32: 80 | KT32: 0 | KU32: 0 | KV32: 200 | KW32: 300 | KX32: 200 | KY32: 50 | KZ32: 25 | LC32: 200 | LD32: 318 | LE32: 105 | LF32: 0 | LG32: 250 | LH32: 0 | LK32: 1046.145 | LM32: 577.02549 | LN32: 384.99682 | LO32: 27.235967 | LP32: 1.208 | LQ32: 317.50417 | LR32: 203.62018 | LS32: 26.72826 | LT32: 152.28032 | LU32: 318.61119 | LV32: 10.236403 | LW32: 295.57847 | LX32: 193.32353 | LY32: 322.68803 | LZ32: 49.432075 | MA32: 231.458 | MB32: 16.574929 | MC32: 411.98762 | MD32: 348.48294 | ME32: 85 | MH32: 515.58091 | MI32: 50 | MJ32: 201.07379 | MK32: 408.29753 | ML32: 51.4463 | MM32: 0 | MN32: 0 | MO32: 131 | MP32: 151 | MQ32: 183 | MR32: 44 | MS32: 412 | MT32: 327 | MU32: 8 | MV32: 41 | MW32: 16 | MX32: 211 | MY32: 77 | MZ32: 498 | NA32: 385 | NB32: 5 | NC32: 291 | ND32: 156 | NE32: 241 | NF32: 630 | NG32: 29 | NH32: 674 | NI32: 171 | NJ32: 91 | NK32: 141 | NL32: 353 | NM32: 24 | NN32: 30 | NO32: 4 | NP32: 0 | NQ32: 0 | NX32: =NX14/NX23 -> 0.85925199 | NY32: =NY14/NY23 -> 0.9249511 | NZ32: =NZ14/NZ23 -> 0.96390892 | OA32: =OA14/OA23 -> 0.90014192 | OB32: =OB14/OB23 -> 0.88018025 | OC32: =OC14/OC23 -> 0.87272871 | OD32: =OD14/OD23 -> 0.92798728 | OE32: =OE14/OE23 -> 0.84026484 | ... ON32: =ON14/ON23 -> 0.90258396 | OP32: 2921
C33: Ads | D33: =IFERROR(D8/1000/N$6,0) -> 0 | E33: =IFERROR(E8/1000/O$6,0) -> 0 | F33: =IFERROR(F8/1000/P$6,0) -> 0 | G33: =IFERROR(G8/1000/Q$6,0) -> 0 | H33: =IFERROR(H8/1000/R$6,0) -> 0 | I33: =IFERROR(I8/1000/BZ$6,0) -> 0 | J33: =IFERROR(J8/1000/N$4,0) -> 0 | P33: =SUM(OP33:PT33) -> 1268 | Q33: B2C | R33: Organic | BZ33: 32.452615 | CA33: 7.9801512 | CB33: 59.538578 | CC33: 64.449031 | CD33: 59.734092 | CE33: 87.05946 | CF33: 102.11475 | CG33: 100.2839 | CH33: 0 | CI33: 232.05939 | CJ33: 131.15379 | CK33: 154.25356 | CL33: 148.06 | CM33: 120.96702 | CN33: 54.797038 | CO33: 30.59058 | CP33: 151.25585 | CQ33: 102.21111 | CR33: 95.800385 | CS33: 348.60759 | CT33: 65.817361 | CU33: 142.84471 | CV33: 34.580655 | CW33: 52.487343 | CX33: 120.76407 | CY33: 103 | CZ33: 196 | DA33: 154 | DB33: 138 | DC33: 0 | DD33: 139 | DE33: 133 | DF33: 109 | DG33: 77 | DH33: 71 | DI33: 87 | DJ33: 0 | DK33: 0 | DL33: 134.6 | DM33: 153.4 | DN33: 158.3 | DO33: 106.5 | DP33: 75.4 | DQ33: 0 | DR33: 84.1 | DS33: 130.8 | DT33: 144.29 | DU33: 152.1 | DV33: 130.2 | DW33: 112 | DX33: 0 | DY33: 110.8 | DZ33: 98.78 | EA33: 91.2 | EB33: 96.7 | EC33: 129.7 | ED33: 119 | EE33: 0 | EF33: 77 | EG33: 144 | EH33: 0 | EI33: 0 | EJ33: 102.8 | EK33: 69.9 | EL33: 0 | EM33: 96 | EN33: 132 | EO33: 79 | EP33: 82 | EQ33: 207 | ER33: 104 | ES33: 0 | ET33: 102 | EU33: 205 | EV33: 115 | EW33: 193 | EX33: 163 | EY33: 111 | FA33: 79 | FB33: 146 | FC33: 130 | FD33: 170 | FE33: 124 | FF33: 141 | FG33: 107 | FH33: 184 | FI33: 0 | FJ33: 67 | FK33: 176 | FL33: 108 | FM33: 117 | FN33: 0 | FO33: 211.73 | FP33: 122.4 | FQ33: 172.41 | FR33: 183.17 | FS33: 255.69 | FT33: 194.96 | FU33: 0 | FV33: 194.1 | FW33: 234.18 | FX33: 173.12 | FY33: 185.1 | FZ33: 148.46 | GA33: 170.73 | GB33: 0 | GC33: 216.16 | GD33: 181.25 | GE33: 215 | GF33: 0 | GJ33: 159 | GK33: 141 | GL33: 165 | GM33: 200 | GN33: 171 | GO33: 212 | GQ33: 170 | GR33: 182.58 | GS33: 200.88 | GT33: 142.2 | GU33: 166.34 | GV33: 153.87 | GW33: 0 | GX33: 106.92 | GY33: 120.45 | GZ33: 198.5 | HA33: 119.57 | HB33: 157.72 | HC33: 129.61 | HD33: 0 | HE33: 167.7 | HF33: 172.1 | HG33: 127.67 | HH33: 106.63 | HI33: 153.27 | HJ33: 160.9 | HK33: 0 | HL33: 84.02 | HM33: 150.62 | HN33: 146.18 | HO33: 216.91 | HP33: 110.39 | HQ33: 87.27 | HR33: 0 | HS33: 144.83 | HT33: 83.35 | HU33: 169.72 | HV33: 137.42 | HW33: 124.19 | HX33: 155.88 | HY33: 0 | HZ33: 107.53 | IA33: 202.04 | IB33: 138.1 | IC33: 100 | ID33: 147.47 | IE33: 128.47 | IF33: 0 | IG33: 236.49 | IH33: 175.92 | II33: 158.34 | IJ33: 188.46 | IK33: 181.54 | IL33: 132.2 | IM33: 0 | IN33: 177.82 | IO33: 138.18 | IP33: 158.61 | IQ33: 185.47 | IR33: 160.97 | IS33: 151.06 | IT33: 0 | IU33: 161.08 | IV33: 127.85 | IW33: 170.39 | IX33: 157.24 | IY33: 72.61 | IZ33: 120.2 | JB33: 0 | JC33: 0 | JD33: 64.03 | JE33: 180.38 | JF33: 152.7 | JG33: 88.65 | JH33: 0 | JI33: 114.11 | JJ33: 153.86 | JK33: 202.7 | JL33: 114.31 | JM33: 119.08 | JN33: 117.69 | JO33: 0 | JP33: 106.96 | JQ33: 100.13 | JR33: 74.43 | JS33: 112.45 | JT33: 165 | JU33: 72.46 | JV33: 0 | JW33: 132.42 | JX33: 146.38 | JY33: 171.82 | JZ33: 80.62 | KA33: 114.89 | KB33: 129.73 | KC33: 0 | KD33: 109 | KF33: 113.688 | KG33: 75.006 | KH33: 99.561 | KI33: 100.27 | KJ33: 0 | KK33: 59.025 | KL33: 114.568 | KM33: 106.619 | KN33: 102.201 | KO33: 102.941 | KP33: 142.64 | KQ33: 0 | KR33: 175.47 | KS33: 140.837 | KT33: 65.072 | KU33: 125.052 | KV33: 128.361 | KW33: 108.45 | KX33: 0 | KY33: 134.586 | KZ33: 154 | LA33: 84.271 | LB33: 177.309 | LC33: 117.17 | LD33: 100.61 | LE33: 0 | LF33: 37.149 | LG33: 115.531 | LH33: 85.27 | LI33: 97.27 | LJ33: 97 | LK33: 120 | LL33: 0 | LM33: 186 | LN33: 143 | LO33: 121 | LP33: 168 | LQ33: 107 | LR33: 124 | LS33: 0 | LT33: 87 | LU33: 119 | LV33: 95 | LW33: 132 | LX33: 125 | LY33: 138 | LZ33: 0 | MA33: 123 | MB33: 236 | MC33: 108 | MD33: 118 | ME33: 120 | MF33: 137 | MG33: 5 | MH33: 60 | MI33: 140 | MJ33: 114.7 | MK33: 102.69 | ML33: 104.95 | MM33: 83.42 | MO33: 152 | MP33: 125 | MQ33: 98 | MR33: 129 | MS33: 155 | MT33: 131 | MU33: 0 | MV33: 181 | MW33: 92 | MX33: 127 | MY33: 110 | MZ33: 99 | NA33: 130 | NB33: 0 | NC33: 123 | ND33: 163 | NE33: 122 | NF33: 175 | NG33: 172 | NH33: 117 | NI33: 0 | NJ33: 96 | NK33: 122 | NL33: 111 | NM33: 112 | NN33: 162 | NO33: 170 | NP33: 300 | NQ33: 0 | NW33: HMGPXL | NX33: =NX15/NX24 -> 0.59953132 | NY33: =NY15/NY24 -> 0.98982372 | NZ33: =NZ15/NZ24 -> 0.66681429 | OA33: =OA15/OA24 -> 0.65562432 | OB33: =OB15/OB24 -> 0.49883886 | OC33: =OC15/OC24 -> 0.50125977 | OD33: =OD15/OD24 -> 0.62062649 | OE33: =OE15/OE24 -> 0.48494357 | ... ON33: =ON15/ON24 -> 0.43302668 | OP33: 1268
C34: PHI | F34: =IFERROR(F9/1000/N$10,0) -> 0 | J34: =IFERROR(J9/1000/N$4,0) -> 0 | P34: =SUM(OP34:PT34) -> 0 | Q34: HMGKD | BZ34: =SUM(BZ35:BZ37) -> 0 | CA34: =SUM(CA35:CA37) -> 0 | CB34: =SUM(CB35:CB37) -> 15.790505 | CC34: =SUM(CC35:CC37) -> 0 | CD34: =SUM(CD35:CD37) -> 26.5 | CE34: =SUM(CE35:CE37) -> 0 | CF34: =SUM(CF35:CF37) -> 0 | CG34: =SUM(CG35:CG37) -> 0 | ... IF34: =SUM(IF35:IF37) -> 479 | IG34: 236.49 | IH34: 175.92 | II34: 158.34 | IJ34: 188.46 | IK34: =SUM(IK35:IK37) -> 0 | IL34: =SUM(IL35:IL37) -> 0 | IM34: =SUM(IM35:IM37) -> 0 | IN34: =SUM(IN35:IN37) -> 0 | IO34: =SUM(IO35:IO37) -> 0 | IP34: =SUM(IP35:IP37) -> 0 | IQ34: =SUM(IQ35:IQ37) -> 0 | IR34: =SUM(IR35:IR37) -> 0 | ... NS34: =SUM(NS35:NS37) -> 0 | NW34: HMTD | NX34: =NX16/NX25 -> 0.93515991 | NY34: =NY16/NY25 -> 0.97074118 | NZ34: =NZ16/NZ25 -> 0.98509368 | OA34: =OA16/OA25 -> 0.86745187 | OB34: =OB16/OB25 -> 0.8779068 | OC34: =OC16/OC25 -> 0.85222179 | OD34: =OD16/OD25 -> 0.93934111 | OE34: =OE16/OE25 -> 0.94092096 | ... ON34: =ON16/ON25 -> 0.89259457 | OP34: =SUM(OP35:OP37) -> 0 | OQ34: =SUM(OQ35:OQ37) -> 0 | OR34: =SUM(OR35:OR37) -> 0 | OS34: =SUM(OS35:OS37) -> 0 | OT34: =SUM(OT35:OT37) -> 0 | OU34: =SUM(OU35:OU37) -> 0 | OV34: =SUM(OV35:OV37) -> 0 | OW34: =SUM(OW35:OW37) -> 0 | ... PT34: =SUM(PT35:PT37) -> 0
P35: =SUM(OP35:PT35) -> 0 | Q35: B2B | R35: CHC | BZ35: 0 | CA35: 0 | CB35: 0 | CC35: 0 | CD35: 0 | CE35: 0 | CF35: 0 | CG35: 0 | CH35: 0 | CI35: 0 | CJ35: 0 | CK35: 0 | CL35: 0 | CM35: 0 | CN35: 0 | CO35: 0 | CP35: 0 | CQ35: 0 | CR35: 0 | CS35: 0 | CT35: 0 | CU35: 0 | CV35: 0 | CW35: 0 | CX35: 0 | CY35: 0 | CZ35: 0 | DA35: 0 | DB35: 0 | DC35: 0 | DD35: 0 | DE35: 0 | DF35: 0 | DG35: 0 | DH35: 0 | DI35: 0 | DJ35: 0 | DK35: 0 | DL35: 0 | DM35: 0 | DN35: 0 | DO35: 0 | DP35: 0 | DQ35: 0 | DR35: 0 | DS35: 0 | DT35: 0 | DU35: 0 | DV35: 0 | DW35: 0 | DX35: 0 | DY35: 0 | DZ35: 0 | EA35: 0 | EB35: 0 | EC35: 0 | ED35: 0 | EE35: 0 | EF35: 0 | EG35: 0 | EH35: 0 | EI35: 0 | EJ35: 0 | EK35: 0 | EL35: 0 | EM35: 0 | EN35: 0 | EO35: 0 | EP35: 0 | EQ35: 0 | ER35: 0 | ES35: 0 | ET35: 0 | EU35: 0 | EV35: 0 | EW35: 0 | EX35: 0 | EY35: 0 | EZ35: 0 | FA35: 0 | FB35: 0 | FC35: 0 | FD35: 0 | FE35: 0 | FF35: 0 | FG35: 0 | FH35: 0 | FI35: 0 | FJ35: 0 | FK35: 0 | FL35: 0 | FM35: 0 | NW35: HMGKD | NX35: =NX17/NX26 -> 0.81476869 | NY35: =NY17/NY26 -> 0.80661264 | NZ35: =NZ17/NZ26 -> 0.88549078 | OA35: =OA17/OA26 -> 0.68272385 | OB35: =OB17/OB26 -> 0.47327441 | OC35: =OC17/OC26 -> 0.62526267 | OD35: =OD17/OD26 -> 0.58199487 | OE35: =OE17/OE26 -> 0.51985503 | ... ON35: =ON17/ON26 -> 0.36398545
P36: =SUM(OP36:PT36) -> 0 | R36: REF | BZ36: 0 | CA36: 0 | CB36: 15.790505 | CC36: 0 | CD36: 26.5 | CE36: 0 | CF36: 0 | CG36: 0 | CH36: 0 | CI36: 15.026955 | CJ36: 0 | CK36: 0 | CL36: 17.785 | CM36: 0 | CN36: 0 | CO36: 0 | CP36: 0 | CQ36: 0 | CR36: 0 | CS36: 0 | CT36: 0 | CU36: 0 | CV36: 0 | CW36: 0 | CX36: 0 | CY36: 0 | CZ36: 0 | DA36: 0 | DB36: 0 | DC36: 0 | DD36: 0 | DE36: 0 | DF36: 0 | DG36: 0 | DH36: 0 | DI36: 0 | DJ36: 0 | DK36: 0 | DL36: 0 | DM36: 0 | DN36: 0 | DO36: 0 | DP36: 0 | DQ36: 0 | DR36: 0 | DS36: 0 | DT36: 0 | DU36: 0 | DV36: 0 | DW36: 0 | DX36: 0 | DY36: 0 | DZ36: 0 | EA36: 0 | EB36: 0 | EC36: 0 | ED36: 0 | EE36: 0 | EF36: 0 | EG36: 0 | EH36: 0 | EI36: 0 | EJ36: 0 | EK36: 0 | EL36: 0 | EN36: 0 | EO36: 0 | EP36: 0 | EQ36: 0 | ER36: 0 | ES36: 0 | ET36: 0 | EU36: 0 | EV36: 0 | EW36: 0 | EX36: 0 | EY36: 0 | EZ36: 0 | FA36: 417 | FB36: 0 | FC36: 0 | FD36: 0 | FE36: 0 | FF36: 0 | FG36: 72 | FH36: 0 | FI36: 0 | FJ36: 0 | FK36: 0 | FL36: 0 | FM36: 661 | FV36: 425 | GC36: 638 | GN36: 1100 | HE36: 255 | HN36: 650 | IF36: 119 | JA36: 907 | JO36: 121 | KQ36: 303 | LU36: 325 | MF36: 605 | MV36: 235 | NE36: 315 | NW36: HPEC | NX36: =NX18/NX27 -> 0.63237149 | NY36: =NY18/NY27 -> 0.83770249 | NZ36: =NZ18/NZ27 -> 0.78151513 | OA36: =OA18/OA27 -> 0.68207254 | OB36: =OB18/OB27 -> 0.70673557 | OC36: =OC18/OC27 -> 0.78289043 | OD36: =OD18/OD27 -> 0.72848494 | OE36: =OE18/OE27 -> 0.57872559 | ... ON36: =ON18/ON27 -> 0.51569045
P37: =SUM(OP37:PT37) -> 0 | Q37: B2C | R37: Organic | BZ37: 0 | CA37: 0 | CB37: 0 | CC37: 0 | CD37: 0 | CE37: 0 | CF37: 0 | CG37: 0 | CH37: 0 | CI37: 0 | CJ37: 0 | CK37: 0 | CL37: 0 | CM37: 0 | CN37: 0 | CO37: 0 | CP37: 0 | CQ37: 0 | CR37: 0 | CS37: 0 | CT37: 0 | CU37: 0 | CV37: 0 | CW37: 0 | CX37: 0 | CY37: 0 | CZ37: 0 | DA37: 0 | DB37: 0 | DC37: 0 | DD37: 0 | DE37: 0 | DF37: 0 | DG37: 0 | DH37: 0 | DI37: 0 | DJ37: 0 | DK37: 0 | DL37: 0 | DM37: 0 | DN37: 0 | DO37: 0 | DP37: 0 | DQ37: 0 | DR37: 0 | DS37: 0 | DT37: 0 | DU37: 0 | DV37: 0 | DW37: 0 | DX37: 0 | DY37: 0 | DZ37: 0 | EA37: 0 | EB37: 0 | EC37: 0 | ED37: 0 | EE37: 0 | EF37: 0 | EG37: 0 | EH37: 0 | EI37: 0 | EJ37: 0 | EK37: 0 | EL37: 0 | EM37: 0 | EN37: 0 | EO37: 0 | EP37: 0 | EQ37: 0 | ER37: 0 | ES37: 0 | ET37: 0 | EU37: 0 | EV37: 0 | EW37: 0 | EX37: 0 | EY37: 0 | EZ37: 0 | FA37: 322 | FB37: 0 | FC37: 0 | FD37: 0 | FE37: 0 | FF37: 0 | FG37: 0 | FH37: 0 | FI37: 0 | FJ37: 0 | FK37: 0 | FL37: 0 | FM37: 432 | FV37: 63 | GC37: 256 | GN37: 489 | HE37: 172 | HN37: 449 | IF37: 360 | JA37: 583 | JO37: 78 | KQ37: 80 | LU37: 122 | MF37: 305 | MV37: 85 | NE37: 150 | NW37: HPH | NX37: =NX19/NX28 -> 0.76310635 | NY37: =NY19/NY28 -> 0.69195928 | NZ37: =NZ19/NZ28 -> 0.86015588 | OA37: =OA19/OA28 -> 0.70444176 | OB37: =OB19/OB28 -> 0.74435926 | OC37: =OC19/OC28 -> 0.74105569 | OD37: =OD19/OD28 -> 0.78254174 | OE37: =OE19/OE28 -> 0.72847824 | ... ON37: =ON19/ON28 -> 0.80375863
P38: =SUM(OP38:PT38) -> 343 | Q38: HPEC | BZ38: =SUM(BZ39:BZ41) -> 0 | CA38: =SUM(CA39:CA41) -> 0 | CB38: =SUM(CB39:CB41) -> 0 | CC38: =SUM(CC39:CC41) -> 0 | CD38: =SUM(CD39:CD41) -> 0 | CE38: =SUM(CE39:CE41) -> 129 | CF38: =SUM(CF39:CF41) -> 0 | CG38: =SUM(CG39:CG41) -> 0 | ... NS38: =SUM(NS39:NS41) -> 0 | NW38: HMSG | NX38: =NX20/NX29 -> 0.89925756 | NY38: =NY20/NY29 -> 0.99656651 | NZ38: =NZ20/NZ29 -> 1.0202394 | OA38: =OA20/OA29 -> 1.0198927 | OB38: =OB20/OB29 -> 0.97914192 | OC38: =OC20/OC29 -> 0.9625006 | OD38: =OD20/OD29 -> 1.0184844 | OE38: =OE20/OE29 -> 0.88884894 | ... ON38: =ON20/ON29 -> 1.010163 | OP38: =SUM(OP39:OP41) -> 343 | OQ38: =SUM(OQ39:OQ41) -> 0 | OR38: =SUM(OR39:OR41) -> 0 | OS38: =SUM(OS39:OS41) -> 0 | OT38: =SUM(OT39:OT41) -> 0 | OU38: =SUM(OU39:OU41) -> 0 | OV38: =SUM(OV39:OV41) -> 0 | OW38: =SUM(OW39:OW41) -> 0 | ... PT38: =SUM(PT39:PT41) -> 0
P39: =SUM(OP39:PT39) -> 0 | Q39: B2B | R39: CHC | BZ39: 0 | CA39: 0 | CB39: 0 | CC39: 0 | CD39: 0 | CE39: 0 | CF39: 0 | CG39: 0 | CH39: 0 | CI39: 0 | CJ39: 0 | CK39: 0 | CL39: 0 | CM39: 0 | CN39: 0 | CO39: 0 | CP39: 0 | CQ39: 0 | CR39: 0 | CS39: 0 | CT39: 0 | CU39: 0 | CV39: 0 | CW39: 0 | CX39: 0 | CY39: 0 | CZ39: 0 | DA39: 0 | DB39: 0 | DC39: 0 | DD39: 0 | DE39: 0 | DF39: 0 | DG39: 0 | DH39: 0 | DI39: 0 | DJ39: 0 | DK39: 0 | DL39: 0 | DM39: 0 | DN39: 0 | DO39: 0 | DP39: 0 | DQ39: 0 | DR39: 0 | DS39: 0 | DT39: 0 | DU39: 0 | DV39: 0 | DW39: 0 | DX39: 0 | DY39: 0 | DZ39: 0 | EA39: 0 | EB39: 0 | EC39: 0 | ED39: 0 | EE39: 0 | EF39: 0 | EG39: 0 | EH39: 0 | EI39: 0 | EJ39: 0 | EK39: 0 | EL39: 0 | EM39: 0 | EN39: 0 | EO39: 0 | EP39: 0 | EQ39: 0 | ER39: 0 | ES39: 0 | ET39: 0 | EU39: 0 | EV39: 0 | EW39: 0 | EX39: 0 | EY39: 0 | EZ39: 0 | FA39: 0 | FB39: 0 | FC39: 0 | FD39: 0 | FE39: 0 | FF39: 0 | FG39: 0 | FH39: 0 | FI39: 0 | FJ39: 0 | FK39: 0 | FL39: 0 | FM39: 0
P40: =SUM(OP40:PT40) -> 0 | R40: REF | BZ40: 0 | CA40: 0 | CB40: 0 | CC40: 0 | CD40: 0 | CE40: 0 | CF40: 0 | CG40: 0 | CH40: 0 | CI40: 0 | CJ40: 0 | CK40: 0 | CL40: 0 | CM40: 0 | CN40: 0 | CO40: 0 | CP40: 0 | CQ40: 0 | CR40: 0 | CS40: 0 | CT40: 0 | CU40: 0 | CV40: 0 | CW40: 0 | CX40: 0 | CY40: 0 | CZ40: 0 | DA40: 0 | DB40: 0 | DC40: 0 | DD40: 0 | DE40: 0 | DF40: 0 | DG40: 0 | DH40: 0 | DI40: 0 | DJ40: 0 | DK40: 0 | DL40: 0 | DM40: 0 | DN40: 0 | DO40: 0 | DP40: 0 | DQ40: 0 | DR40: 0 | DS40: 0 | DT40: 0 | DU40: 0 | DV40: 0 | DW40: 0 | DX40: 0 | DY40: 0 | DZ40: 0 | EA40: 0 | EB40: 0 | EC40: 0 | ED40: 0 | EE40: 0 | EF40: 0 | EG40: 0 | EH40: 0 | EI40: 0 | EJ40: 0 | EK40: 0 | EL40: 0 | EM40: 0 | EN40: 0 | EO40: 0 | EP40: 0 | EQ40: 0 | ER40: 0 | ES40: 0 | ET40: 0 | EU40: 0 | EV40: 0 | EW40: 0 | EX40: 0 | EY40: 0 | EZ40: 0 | FA40: 0 | FB40: 0 | FC40: 0 | FD40: 0 | FE40: 0 | FF40: 0 | FG40: 0 | FH40: 0 | FI40: 0 | FJ40: 0 | FK40: 0 | FL40: 0 | FM40: 0 | NW40: Sale | NX40: =SUM(NX41:NX46) -> 34531 | NY40: =SUM(NY41:NY46) -> 37472 | NZ40: =SUM(NZ41:NZ46) -> 52739 | OA40: =SUM(OA41:OA46) -> 49177 | OB40: =SUM(OB41:OB46) -> 52734 | OC40: =SUM(OC41:OC46) -> 50575 | OD40: =SUM(OD41:OD46) -> 49903 | OE40: =SUM(OE41:OE46) -> 53271 | ... OI40: =SUM(OI41:OI46) -> 46892 | OJ40: =SUM(NX40:OI40) -> 584077 | OK40: =NX40+NY40+NZ40 -> 124742 | OL40: =NY40+NZ40+OA40 -> 139388 | OM40: =NZ40+OA40+OB40 -> 154650 | ON40: =OG40+OH40+OI40 -> 159227
P41: =SUM(OP41:PT41) -> 343 | Q41: B2C | R41: Organic | BZ41: 0 | CA41: 0 | CB41: 0 | CC41: 0 | CD41: 0 | CE41: 129 | CF41: 0 | CG41: 0 | CH41: 0 | CI41: 0 | CJ41: 0 | CK41: 0 | CL41: 0 | CM41: 0 | CN41: 0 | CO41: 0 | CP41: 0 | CQ41: 0 | CR41: 0 | CS41: 0 | CT41: 0 | CU41: 0 | CV41: 0 | CW41: 0 | CX41: 0 | CY41: 0 | CZ41: 0 | DA41: 0 | DB41: 0 | DC41: 0 | DD41: 0 | DE41: 0 | DF41: 0 | DG41: 0 | DH41: 0 | DI41: 0 | DJ41: 0 | DK41: 0 | DL41: 0 | DM41: 0 | DN41: 0 | DO41: 0 | DP41: 0 | DQ41: 0 | DR41: 0 | DS41: 0 | DT41: 0 | DU41: 0 | DV41: 0 | DW41: 0 | DX41: 0 | DY41: 0 | DZ41: 0 | EA41: 0 | EB41: 0 | EC41: 0 | ED41: 0 | EE41: 0 | EF41: 0 | EG41: 0 | EH41: 0 | EI41: 0 | EJ41: 0 | EK41: 0 | EL41: 0 | EM41: 0 | EN41: 0 | EO41: 0 | EP41: 0 | EQ41: 0 | ER41: 0 | ES41: 0 | ET41: 0 | EU41: 0 | EV41: 0 | EW41: 0 | EX41: 0 | EY41: 0 | EZ41: 0 | FA41: 0 | FB41: 0 | FC41: 0 | FD41: 0 | FE41: 0 | FF41: 0 | FG41: 0 | FH41: 0 | FI41: 0 | FJ41: 0 | FK41: 0 | FL41: 0 | FM41: 0 | LU41: 264 | MF41: 462 | ML41: 744 | MV41: 319 | NF41: 445 | NQ41: 468 | NW41: HMGPXL | NX41: 1429 | NY41: 2384 | NZ41: 2774 | OA41: 2020 | OB41: 2227 | OC41: 2516 | OD41: 2805 | OE41: 3110 | OF41: 2051 | OG41: 1931 | OH41: 1334 | OI41: 1521 | OJ41: =SUM(NX41:OI41) -> 26102 | OK41: =NX41+NY41+NZ41 -> 6587 | OL41: =NY41+NZ41+OA41 -> 7178 | OM41: =NZ41+OA41+OB41 -> 7021 | ON41: =OG41+OH41+OI41 -> 4786 | OP41: 343
B42: Channel | C42: Sub Channel | D42: MTD - Jan | NW42: HMTD | NX42: 8267 | NY42: 8374 | NZ42: 10108 | OA42: 8801 | OB42: 10535 | OC42: 9783 | OD42: 11566 | OE42: 11416 | OF42: 12177 | OG42: 14610 | OH42: 13927 | OI42: 10780 | OJ42: =SUM(NX42:OI42) -> 130344 | OK42: =NX42+NY42+NZ42 -> 26749 | OL42: =NY42+NZ42+OA42 -> 27283 | OM42: =NZ42+OA42+OB42 -> 29444 | ON42: =OG42+OH42+OI42 -> 39317
D43: HMTD | E43: HMGPXL | F43: HMSG | G43: HPH | H43: HPEC | I43: HMGKD | J43: R1 | NW43: HMGKD | NX43: 589 | NY43: 1040 | NZ43: 1020 | OA43: 1309 | OB43: 1277 | OC43: 1832 | OD43: 1858 | OE43: 1571 | OF43: 854 | OG43: 1116 | OH43: 1134 | OI43: 982 | OJ43: =SUM(NX43:OI43) -> 14582 | OK43: =NX43+NY43+NZ43 -> 2649 | OL43: =NY43+NZ43+OA43 -> 3369 | OM43: =NZ43+OA43+OB43 -> 3606 | ON43: =OG43+OH43+OI43 -> 3232
B44: Total Channel | D44: =SUM(D45:D49) -> 2270 | E44: =SUM(E45:E49) -> 904.19 | F44: =SUM(F45:F49) -> 8667 | G44: =SUM(G45:G49) -> 5995 | H44: =SUM(H45:H49) -> 343 | I44: =SUM(I45:I49) -> 0 | J44: =SUM(J45:J49) -> 18179.19 | NW44: HPEC | NX44: - | NY44: - | NZ44: - | OA44: - | OB44: - | OC44: - | OD44: - | OE44: - | OF44: - | OG44: 376 | OH44: 827 | OI44: 468 | OJ44: =SUM(NX44:OI44) -> 1671 | ON44: =OG44+OH44+OI44 -> 1671
B45: B2B | C45: CHC | D45: =D5 -> 445 | E45: =E5 -> 0 | F45: =F5 -> 330 | G45: =G5 -> 0 | H45: =H5 -> 0 | I45: =I5 -> 0 | J45: =SUM(D45:I45) -> 775 | NW45: HPH | NX45: 8105 | NY45: 6473 | NZ45: 11563 | OA45: 10153 | OB45: 12443 | OC45: 11603 | OD45: 10533 | OE45: 11391 | OF45: 8969 | OG45: 13067 | OH45: 14541 | OI45: 11942 | OJ45: =SUM(NX45:OI45) -> 130783 | OK45: =NX45+NY45+NZ45 -> 26141 | OL45: =NY45+NZ45+OA45 -> 28189 | OM45: =NZ45+OA45+OB45 -> 34159 | ON45: =OG45+OH45+OI45 -> 39550
C46: REF | D46: =D6 -> 355 | E46: =E6 -> 19.12 | F46: =F6 -> 2921 | G46: =G6 -> 2712 | H46: =H6 -> 0 | I46: =I6 -> 0 | J46: =SUM(D46:I46) -> 6007.12 | NW46: HMSG | NX46: 16141 | NY46: 19201 | NZ46: 27274 | OA46: 26894 | OB46: 26252 | OC46: 24841 | OD46: 23141 | OE46: 25783 | OF46: 20397 | OG46: 25944 | OH46: 23528 | OI46: 21199 | OJ46: =SUM(NX46:OI46) -> 280595 | OK46: =NX46+NY46+NZ46 -> 62616 | OL46: =NY46+NZ46+OA46 -> 73369 | OM46: =NZ46+OA46+OB46 -> 80420 | ON46: =OG46+OH46+OI46 -> 70671
B47: B2C | C47: Organic | D47: =D7 -> 1470 | E47: =E7 -> 885.07 | F47: =F7 -> 1268 | G47: =G7 -> 3283 | H47: =H7 -> 343 | I47: =I7 -> 0 | J47: =SUM(D47:I47) -> 7249.07
B48: B2C | C48: Ads | F48: 1173 | I48: =I8 -> 0 | J48: =SUM(D48:I48) -> 1173 | NW48: Contribution | NX48: Jan | NY48: Feb | NZ48: Mar | OA48: Apr | OB48: May | OC48: Jun | OD48: Jul | OE48: Aug | OF48: Sep | OG48: Oct | OH48: Nov | OI48: Dec | OJ48: Total 2025 | OK48: Q1 | OL48: Q2 | OM48: Q3 | ON48: Q4
B49: B2C | C49: PHI | F49: 2975 | I49: =I9 -> 0 | J49: =SUM(D49:I49) -> 2975 | NX49: =NX40/NX14/1000 -> 0.22399793 | NY49: =NY40/NY14/1000 -> 0.21585628 | NZ49: =NZ40/NZ14/1000 -> 0.24688254 | OA49: =OA40/OA14/1000 -> 0.25561685 | OB49: =OB40/OB14/1000 -> 0.25767894 | OC49: =OC40/OC14/1000 -> 0.25069506 | OD49: =OD40/OD14/1000 -> 0.22490964 | OE49: =OE40/OE14/1000 -> 0.25323794 | ... ON49: =ON40/ON14/1000 -> 0.23025153
NW50: HMGPXL | NX50: =NX41/NX15/1000 -> 0.42451718 | NY50: =NY41/NY15/1000 -> 0.47542686 | NZ50: =NZ41/NZ15/1000 -> 0.50927256 | OA50: =OA41/OA15/1000 -> 0.4469276 | OB50: =OB41/OB15/1000 -> 0.52474272 | OC50: =OC41/OC15/1000 -> 0.55960856 | OD50: =OD41/OD15/1000 -> 0.50231522 | OE50: =OE41/OE15/1000 -> 0.68452448 | ... OH50: =OH41/OH15/1000 -> 0.46243233 | OI50: =OI44/OI15/1000 -> 0.10341224 | OJ50: =OJ41/OJ15/1000 -> 0.49644587 | OK50: =OK41/OK15/1000 -> 0.476366 | OL50: =OL41/OL15/1000 -> 0.54133824 | OM50: =OM41/OM15/1000 -> 0.493923 | ON50: =ON41/ON15/1000 -> 0.42445503
B51: Channel | C51: Sub Channel | D51: KPI - Jan | NW51: HMTD | NX51: =NX42/NX16/1000 -> 0.30022589 | NY51: =NY42/NY16/1000 -> 0.27246037 | NZ51: =NZ42/NZ16/1000 -> 0.25938489 | OA51: =OA42/OA16/1000 -> 0.25728921 | OB51: =OB42/OB16/1000 -> 0.2921808 | OC51: =OC42/OC16/1000 -> 0.26989906 | OD51: =OD42/OD16/1000 -> 0.27607265 | OE51: =OE42/OE16/1000 -> 0.26411926 | ... ON51: =ON42/ON16/1000 -> 0.29134772
D52: HMTD | E52: HMGPXL | F52: HMSG | G52: HPH | H52: HPEC | I52: HMGKD | J52: R1 | NW52: HMGKD | NX52: =NX43/NX17/1000 -> 0.21682636 | NY52: =NY43/NY17/1000 -> 0.3098812 | NZ52: =NZ43/NZ17/1000 -> 0.25777431 | OA52: =OA43/OA17/1000 -> 0.35265843 | OB52: =OB43/OB17/1000 -> 0.46693602 | OC52: =OC43/OC17/1000 -> 0.48625336 | OD52: =OD43/OD17/1000 -> 0.50615934 | OE52: =OE43/OE17/1000 -> 0.46146643 | ... ON52: =ON43/ON17/1000 -> 0.42502622
B53: Total Channel | D53: =SUM(D54:D57) -> 5790 | E53: =SUM(E54:E58) -> 2139 | F53: =SUM(F54:F58) -> 21229 | G53: =SUM(G54:G58) -> 15128 | H53: =SUM(H54:H58) -> 1375 | I53: =SUM(I54:I58) -> 4100 | J53: =SUM(J54:J58) -> 49761 | NW53: HPEC | OJ53: =OJ44/OJ18/1000 -> 0.032783308 | ON53: =ON44/ON18/1000 -> 0.16461655
B54: B2B | C54: CHC | D54: 193 | E54: =E14 -> 0 | F54: 1140 | G54: 392 | H54: 96 | I54: =I14 -> 0 | J54: =SUM(D54:I54) -> 1821 | NW54: HPH | NX54: =NX45/NX19/1000 -> 0.30118656 | NY54: =NY45/NY19/1000 -> 0.26083316 | NZ54: =NZ45/NZ19/1000 -> 0.35587308 | OA54: =OA45/OA19/1000 -> 0.34973674 | OB54: =OB45/OB19/1000 -> 0.39653295 | OC54: =OC45/OC19/1000 -> 0.39528787 | OD54: =OD45/OD19/1000 -> 0.32324403 | OE54: =OE45/OE19/1000 -> 0.39471895 | ... ON54: =ON45/ON19/1000 -> 0.38488302
C55: REF | D55: 1420 | E55: =E15 -> 0 | F55: 10222 | G55: 5543 | H55: =H15 -> 0 | I55: =I15 -> 2600 | J55: =SUM(D55:I55) -> 19785 | NW55: HMSG | NX55: =NX46/NX20/1000 -> 0.17904835 | NY55: =NY46/NY20/1000 -> 0.18275347 | NZ55: =NZ46/NZ20/1000 -> 0.21365127 | OA55: =OA46/OA20/1000 -> 0.23105387 | OB55: =OB46/OB20/1000 -> 0.20969708 | OC55: =OC46/OC20/1000 -> 0.20197444 | OD55: =OD46/OD20/1000 -> 0.17367145 | OE55: =OE46/OE20/1000 -> 0.20366449 | ... ON55: =ON46/ON20/1000 -> 0.16636413
B56: B2C | C56: Organic | D56: 4177 | E56: 2139 | F56: 2720 | G56: 5111 | H56: 1279 | I56: =I16 -> 1500 | J56: =SUM(D56:I56) -> 16926
B57: B2C | C57: Ads | E57: =E17 -> 0 | F57: 1463 | G57: 4082 | H57: =H17 -> 0 | I57: =I17 -> 0 | J57: =SUM(D57:I57) -> 5545 | NW57: KPI Sale | NX57: Jan | NY57: Feb | NZ57: Mar | OA57: Apr | OB57: May | OC57: Jun | OD57: Jul | OE57: Aug | OF57: Sep | OG57: Oct | OH57: Nov | OI57: Dec | OJ57: Total 2025 | OK57: Q1 | OL57: Q2 | OM57: Q3 | ON57: Q4
B58: B2C | C58: PHI | D58: =D18 -> 0 | E58: =E18 -> 0 | F58: 5684 | G58: =G18 -> 0 | H58: =H18 -> 0 | I58: =I18 -> 0 | J58: =SUM(D58:I58) -> 5684 | NX58: =SUM(NX59:NX64) -> 37245.262 | NY58: =SUM(NY59:NY64) -> 31974.54 | NZ58: =SUM(NZ59:NZ64) -> 41942.064 | OA58: =SUM(OA59:OA64) -> 45739.997 | OB58: =SUM(OB59:OB64) -> 45238.95 | OC58: =SUM(OC59:OC64) -> 50818.091 | OD58: =SUM(OD59:OD64) -> 54420.252 | OE58: =SUM(OE59:OE64) -> 56291.22 | ... OI58: =SUM(OI59:OI64) -> 66962.554 | OJ58: =SUM(NX58:OI58) -> 612786.51 | OK58: =NX58+NY58+NZ58 -> 111161.87 | OL58: =NY58+NZ58+OA58 -> 119656.6 | OM58: =NZ58+OA58+OB58 -> 132921.01 | ON58: =OG58+OH58+OI58 -> 196569.12
NW59: HMGPXL | NX59: 1100 | NY59: 1100 | NZ59: 1400 | OA59: 1600 | OB59: 1600 | OC59: 1700 | OD59: 1800 | OE59: 1800 | OF59: 1800 | OG59: 1800 | OH59: 1800 | OI59: 1700 | OJ59: =SUM(NX59:OI59) -> 19200 | OK59: =NX59+NY59+NZ59 -> 3600 | OL59: =NY59+NZ59+OA59 -> 4100 | OM59: =NZ59+OA59+OB59 -> 4600 | ON59: =OG59+OH59+OI59 -> 5300
B60: Channel | C60: Sub Channel | D60: % KPI - Jan | NW60: HMTD | NX60: 7212 | NY60: 6513 | NZ60: 8066 | OA60: 8034 | OB60: 8303 | OC60: 10047 | OD60: 10411 | OE60: 10662 | OF60: 9786 | OG60: 11805 | OH60: 11551 | OI60: 11609 | OJ60: =SUM(NX60:OI60) -> 113999 | OK60: =NX60+NY60+NZ60 -> 21791 | OL60: =NY60+NZ60+OA60 -> 22613 | OM60: =NZ60+OA60+OB60 -> 24403 | ON60: =OG60+OH60+OI60 -> 34965
D61: HMTD | E61: HMGPXL | F61: HMSG | G61: HPH | H61: HPEC | I61: HMGKD | J61: R1 | NW61: HMGKD | NX61: 100 | NY61: 100 | NZ61: 950 | OA61: 1990 | OB61: 1800 | OC61: 2260 | OD61: 3400 | OE61: 3850 | OF61: 3500 | OG61: 3400 | OH61: 4100 | OI61: 4100 | OJ61: =SUM(NX61:OI61) -> 29550 | OK61: =NX61+NY61+NZ61 -> 1150 | OL61: =NY61+NZ61+OA61 -> 3040 | OM61: =NZ61+OA61+OB61 -> 4740 | ON61: =OG61+OH61+OI61 -> 11600
B62: Total Channel | D62: =IFERROR(D44/D53,0) -> 0.39205527 | E62: =IFERROR(E44/E53,0) -> 0.42271622 | F62: =IFERROR(F44/F53,0) -> 0.40826228 | G62: =IFERROR(G44/G53,0) -> 0.39628503 | H62: =IFERROR(H44/H53,0) -> 0.24945455 | I62: =IFERROR(I44/I53,0) -> 0 | J62: =IFERROR(J44/J53,0) -> 0.36533008 | NW62: HPEC
B63: GAP | D63: =D62-100% -> -0.60794473 | E63: =E62-100% -> -0.57728378 | F63: =F62-100% -> -0.59173772 | G63: =G62-100% -> -0.60371497 | H63: =H62-100% -> -0.75054545 | I63: =I62-100% -> -1 | J63: =J62-100% -> -0.63466992 | NW63: HPH | NX63: 7804.262 | NY63: 8909.5399 | NZ63: 8846.0642 | OA63: 10780.997 | OB63: 9044.9499 | OC63: 8431.0909 | OD63: 10007.252 | OE63: 9130.22 | OF63: 8146.0105 | OG63: 10870.054 | OH63: 15027.517 | OI63: 13039.554 | OJ63: =SUM(NX63:OI63) -> 120037.51 | OK63: =NX63+NY63+NZ63 -> 25559.866 | OL63: =NY63+NZ63+OA63 -> 28536.601 | OM63: =NZ63+OA63+OB63 -> 28672.011 | ON63: =OG63+OH63+OI63 -> 38937.124
B64: B2B | C64: CHC | D64: =IFERROR(D45/D54,0) -> 2.3056995 | E64: =IFERROR(E45/E54,0) -> 0 | F64: =IFERROR(F45/F54,0) -> 0.28947368 | G64: =IFERROR(G45/G54,0) -> 0 | H64: =IFERROR(H45/H54,0) -> 0 | J64: =IFERROR(J45/J54,0) -> 0.42559033 | NW64: HMSG | NX64: 21029 | NY64: 15352 | NZ64: 22680 | OA64: 23335 | OB64: 24491 | OC64: 28380 | OD64: 28802 | OE64: 30849 | OF64: 29315 | OG64: 32241 | OH64: 37012 | OI64: 36514 | OJ64: =SUM(NX64:OI64) -> 330000 | OK64: =NX64+NY64+NZ64 -> 59061 | OL64: =NY64+NZ64+OA64 -> 61367 | OM64: =NZ64+OA64+OB64 -> 70506 | ON64: =OG64+OH64+OI64 -> 105767
C65: REF | D65: =IFERROR(D46/D55,0) -> 0.25 | F65: =IFERROR(F46/F55,0) -> 0.28575621 | G65: =IFERROR(G46/G55,0) -> 0.48926574 | H65: =IFERROR(H46/H55,0) -> 0 | I65: =IFERROR(I46/I55,0) -> 0 | J65: =IFERROR(J46/J55,0) -> 0.30361991
B66: B2C | C66: Organic | D66: =IFERROR(D47/D56,0) -> 0.35192722 | E66: =IFERROR(E47/E56,0) -> 0.41377747 | F66: =IFERROR(F47/F56,0) -> 0.46617647 | G66: =IFERROR(G47/G56,0) -> 0.64234005 | H66: =IFERROR(H47/H56,0) -> 0.26817826 | I66: =IFERROR(I47/I56,0) -> 0 | J66: =IFERROR(J47/J56,0) -> 0.42828016
B67: B2C | C67: Ads | D67: =IFERROR(D48/D57,0) -> 0 | F67: =IFERROR(F48/F57,0) -> 0.80177717 | J67: =IFERROR(J48/J57,0) -> 0.21154193 | NW67: % Sale | NX67: Jan | NY67: Feb | NZ67: Mar | OA67: Apr | OB67: May | OC67: Jun | OD67: Jul | OE67: Aug | OF67: Sep | OG67: Oct | OH67: Nov | OI67: Dec | OJ67: Total 2025 | OK67: Q1 | OL67: Q2 | OM67: Q3 | ON67: Q4
B68: B2C | C68: PHI | F68: =IFERROR(F49/F58,0) -> 0.52339901 | J68: =IFERROR(J49/J58,0) -> 0.52339901 | NX68: =NX40/NX58 -> 0.92712464 | NY68: =NY40/NY58 -> 1.1719324 | NZ68: =NZ40/NZ58 -> 1.257425 | OA68: =OA40/OA58 -> 1.0751422 | OB68: =OB40/OB58 -> 1.1656769 | OC68: =OC40/OC58 -> 0.99521645 | OD68: =OD40/OD58 -> 0.91699319 | OE68: =OE40/OE58 -> 0.94634652 | ... ON68: =ON40/ON58 -> 0.81003057
B69: Total Hospitals/Clinics | D69: =R6 -> 0.48679136 | E69: =R5 -> 0.22984313 | F69: =R10 -> 0.55205127 | G69: =R9 -> 0.47304569 | H69: =H28 -> 0.008153007 | I69: =R7 -> 0.13364228 | J69: =R4 -> 0.49046059 | NW69: HMGPXL | NX69: =NX41/NX59 -> 1.2990909 | NY69: =NY41/NY59 -> 2.1672727 | NZ69: =NZ41/NZ59 -> 1.9814286 | OA69: =OA41/OA59 -> 1.2625 | OB69: =OB41/OB59 -> 1.391875 | OC69: =OC41/OC59 -> 1.48 | OD69: =OD41/OD59 -> 1.5583333 | OE69: =OE41/OE59 -> 1.7277778 | ... ON69: =ON41/ON59 -> 0.90301887
B70: GAP | D70: =D69-100% -> -0.51320864 | E70: =E69-100% -> -0.77015687 | F70: =F69-100% -> -0.44794873 | G70: =G69-100% -> -0.52695431 | H70: =H69-100% -> -0.99184699 | I70: =I69-100% -> -0.86635772 | J70: =J69-100% -> -0.50953941 | NW70: HMTD | NX70: =NX42/NX60 -> 1.146284 | NY70: =NY42/NY60 -> 1.2857362 | NZ70: =NZ42/NZ60 -> 1.2531614 | OA70: =OA42/OA60 -> 1.0954693 | OB70: =OB42/OB60 -> 1.2688185 | OC70: =OC42/OC60 -> 0.9737235 | OD70: =OD42/OD60 -> 1.1109404 | OE70: =OE42/OE60 -> 1.0707184 | ... ON70: =ON42/ON60 -> 1.1244673
B71: % Contribution | C71: Sales Channel | D71: =IFERROR(D44/1000/N$6,0) -> 0.094218112 | E71: =E44/1000/N5 -> 0.45615864 | F71: =F44/1000/N10 -> 0.11202746 | G71: =G44/1000/N9 -> 0.30320882 | H71: =H44/1000/O9 -> 9.0312533e-05 | I71: =I44/1000/N7 -> 0 | J71: =J44/1000/N4 -> 0.14644598 | NW71: HMGKD | NX71: =NX43/NX61 -> 5.89 | NY71: =NY43/NY61 -> 10.4 | NZ71: =NZ43/NZ61 -> 1.0736842 | OA71: =OA43/OA61 -> 0.65778894 | OB71: =OB43/OB61 -> 0.70944444 | OC71: =OC43/OC61 -> 0.81061947 | OD71: =OD43/OD61 -> 0.54647059 | OE71: =OE43/OE61 -> 0.40805195 | ... ON71: =ON43/ON61 -> 0.27862069
C72: CHC | D72: =IFERROR(D45/1000/N$6,0) -> 0.01847007 | F72: =IFERROR(F45/1000/N$10,0) -> 0.0042654971 | J72: =IFERROR(J45/1000/N$4,0) -> 0.0062431625 | NW72: HPEC
C73: REF | D73: =IFERROR(D46/1000/N$6,0) -> 0.01473455 | F73: =IFERROR(F46/1000/N$10,0) -> 0.037756112 | G73: =IFERROR(G46/1000/N$9,0) -> 0.13716469 | H73: =IFERROR(H46/1000/O$9,0) -> 0 | I73: =IFERROR(I46/1000/N$7,0) -> 0 | J73: =IFERROR(J46/1000/N$4,0) -> 0.048391518 | NW73: HPH | NX73: =NX45/NX63 -> 1.0385351 | NY73: =NY45/NY63 -> 0.72652461 | NZ73: =NZ45/NZ63 -> 1.307135 | OA73: =OA45/OA63 -> 0.94174961 | OB73: =OB45/OB63 -> 1.3756848 | OC73: =OC45/OC63 -> 1.3762157 | OD73: =OD45/OD63 -> 1.0525367 | OE73: =OE45/OE63 -> 1.2476151 | ... ON73: =ON45/ON63 -> 1.0157401
C74: Organic | D74: =IFERROR(D47/1000/N$6,0) -> 0.061013491 | E74: =IFERROR(E47/1000/N$5,0) -> 0.44651271 | F74: =IFERROR(F47/1000/N$10,0) -> 0.016389849 | G74: =IFERROR(G47/1000/N$9,0) -> 0.16604413 | H74: =IFERROR(H47/1000/O$9,0) -> 9.0312533e-05 | I74: =IFERROR(I47/1000/N$7,0) -> 0 | J74: =IFERROR(J47/1000/N$4,0) -> 0.058396286 | NW74: HMSG | NX74: =NX46/NX64 -> 0.76755909 | NY74: =NY46/NY64 -> 1.2507165 | NZ74: =NZ46/NZ64 -> 1.2025573 | OA74: =OA46/OA64 -> 1.1525177 | OB74: =OB46/OB64 -> 1.071904 | OC74: =OC46/OC64 -> 0.87529951 | OD74: =OD46/OD64 -> 0.80345115 | OE74: =OE46/OE64 -> 0.83578074 | ... ON74: =ON46/ON64 -> 0.66817627
C75: Ads | D75: =IFERROR(D48/1000/N$6,0) -> 0 | F75: =IFERROR(F48/1000/N$10,0) -> 0.015161903 | G75: =IFERROR(G48/1000/N$9,0) -> 0 | H75: =IFERROR(H48/1000/O$9,0) -> 0 | J75: =IFERROR(J48/1000/N$4,0) -> 0.0094493285
C76: PHI | F76: =IFERROR(F49/1000/N$10,0) -> 0.038454102 | J76: =IFERROR(J49/1000/N$4,0) -> 0.023965688

Sheet Quy_Vung1
A1: HMC | B1: CHANNEL | C1: SUB | D1: 2025 | G1: Jan'25 | J1: Feb'25 | M1: Mar'25 | P1: Apr'25 | S1: May'25 | V1: Jun'25 | Y1: Jul'25 | AB1: Aug'25 | AE1: Sep'25 | AH1: Oct'25 | AK1: Nov'25 | AN1: Dec'25 | AQ1: Q1 | AT1: Q2 | AW1: Q3 | AZ1: Q4 | BC1: YTGO | BO1: HMC | BP1: CHANNEL | BQ1: SUB | BR1: 2026 | BU1: Jan'26 | BX1: Feb'26 | CA1: Mar'26 | CD1: Apr'26 | CG1: May'256 | CJ1: Jun'26 | CM1: Jul'26 | CP1: Aug'26 | CS1: Sep'26 | CV1: Oct'26 | CY1: Nov'26 | DB1: Dec'26 | DE1: Q1 | DH1: Q2 | DK1: Q3 | DN1: Q4 | DQ1: YTGO
D2: TARGET | E2: Revenue | F2: % TARGET | G2: TARGET | H2: Revenue | I2: % TARGET | J2: TARGET | K2: Revenue | L2: % TARGET | M2: TARGET | N2: Revenue | O2: % TARGET | P2: TARGET | Q2: Revenue | R2: % TARGET | S2: TARGET | T2: Revenue | U2: % TARGET | V2: TARGET | W2: Revenue | X2: % TARGET | Y2: TARGET | Z2: Revenue | AA2: % TARGET | AB2: TARGET | AC2: Revenue | AD2: % TARGET | AE2: TARGET | AF2: Revenue | AG2: % TARGET | AH2: TARGET | AI2: Revenue | AJ2: % TARGET | AK2: TARGET | AL2: Revenue | AM2: % TARGET | AN2: TARGET | AO2: Revenue | AP2: % TARGET | AQ2: TARGET | AR2: Revenue | AS2: % TARGET | AT2: TARGET | AU2: Revenue | AV2: % TARGET | AW2: TARGET | AX2: Revenue | AY2: % TARGET | AZ2: TARGET | BA2: Revenue | BB2: % TARGET | BC2: TARGET | BD2: Revenue | BE2: % TARGET | BF2: Est. | BR2: TARGET | BS2: Revenue | BT2: % TARGET | BU2: TARGET | BV2: Revenue | BW2: % TARGET | BX2: TARGET | BY2: Revenue | BZ2: % TARGET | CA2: TARGET | CB2: Revenue | CC2: % TARGET | CD2: TARGET | CE2: Revenue | CF2: % TARGET | CG2: TARGET | CH2: Revenue | CI2: % TARGET | CJ2: TARGET | CK2: Revenue | CL2: % TARGET | CM2: TARGET | CN2: Revenue | CO2: % TARGET | CP2: TARGET | CQ2: Revenue | CR2: % TARGET | CS2: TARGET | CT2: Revenue | CU2: % TARGET | CV2: TARGET | CW2: Revenue | CX2: % TARGET | CY2: TARGET | CZ2: Revenue | DA2: % TARGET | DB2: TARGET | DC2: Revenue | DD2: % TARGET | DE2: TARGET | DF2: Revenue | DG2: % TARGET | DH2: TARGET | DI2: Revenue | DJ2: % TARGET | DK2: TARGET | DL2: Revenue | DM2: % TARGET | DN2: TARGET | DO2: Revenue | DP2: % TARGET | DQ2: TARGET | DR2: Revenue | DS2: % TARGET | DT2: Est.
A3: REGIONAL 1 | B3: B2B | C3: PHI | D3: =D9 -> 89000000000 | E3: =E9 -> 74546000000 | F3: =IFERROR(E3/D3,0%) -> 0.83759551 | G3: =G9 -> 7000000000 | H3: =H9 -> 4373000000 | I3: =IFERROR(H3/G3,0%) -> 0.62471429 | J3: =J9 -> 3500000000 | K3: =K9 -> 5543000000 | L3: =IFERROR(K3/J3,0%) -> 1.5837143 | M3: =M9 -> 7000000000 | N3: =N9 -> 6288000000 | O3: =IFERROR(N3/M3,0%) -> 0.89828571 | P3: 8003000000 | Q3: =Q9 -> 6252000000 | R3: =IFERROR(Q3/P3,0%) -> 0.78120705 | S3: =S9 -> 8121000000 | T3: =T9 -> 5873000000 | U3: =IFERROR(T3/S3,0%) -> 0.7231868 | V3: =V9 -> 8070000000 | W3: =W9 -> 6002000000 | X3: =IFERROR(W3/V3,0%) -> 0.74374226 | Y3: =Y9 -> 8746000000 | Z3: =Z9 -> 6642000000 | AA3: =IFERROR(Z3/V3,0%) -> 0.82304833 | AB3: =AB9 -> 7955000000 | AC3: =AC9 -> 6371000000 | AD3: =IFERROR(AC3/Y3,0%) -> 0.72844729 | AE3: =AE9 -> 7357000000 | AF3: =AF9 -> 6100000000 | AG3: =IFERROR(AF3/AB3,0%) -> 0.76681332 | AH3: =AH9 -> 7655000000 | AI3: =AI9 -> 7069000000 | AJ3: =IFERROR(AI3/AE3,0%) -> 0.96085361 | AK3: =AK9 -> 7952000000 | AL3: =AL9 -> 6294000000 | AM3: =IFERROR(AL3/AH3,0%) -> 0.82220771 | AN3: =AN9 -> 7644000000 | AO3: =AO9 -> 7739000000 | AP3: =IFERROR(AO3/AK3,0%) -> 0.97321429 | AQ3: =M3+J3+G3 -> 17500000000 | AR3: =N3+K3+H3 -> 16204000000 | AS3: =IFERROR(AR3/AQ3,0%) -> 0.92594286 | AT3: =P3+S3+V3 -> 24194000000 | AU3: =Q3+T3+W3 -> 18127000000 | AV3: =IFERROR(AU3/AT3,0%) -> 0.74923535 | AW3: =Y3+AB3+AE3 -> 24058000000 | AX3: =T3+W3+Z3 -> 18517000000 | AY3: =IFERROR(AX3/AW3,0%) -> 0.7696816 | AZ3: =AH3+AK3+AN3 -> 23251000000 | BA3: =AI3+AL3+AO3 -> 21102000000 | BB3: =IFERROR(BA3/AZ3,0%) -> 0.90757387 | BC3: =AW3+AT3+AQ3+AH3+AK3 -> 81359000000 | BD3: =AX3+AU3+AR3+AI3+AL3 -> 66211000000 | BE3: =IFERROR(BD3/BC3,0%) -> 0.81381285 | BF3: =(BD3/11*1.1+BD3)/D3 -> 0.8183382 | BH3: HMSG | BI3: HMTD | BJ3: HPH | BK3: HPEC | BL3: HMGPXL | BM3: HMGKĐ | BO3: REGIONAL 1 | BP3: B2B | BQ3: PHI | BR3: =BR9 -> 87684000000 | BS3: =BS9 -> 2975000000 | BT3: =IFERROR(BS3/BR3,0%) -> 0.033928653 | BU3: =BU9 -> 5684000000 | BV3: =BV9 -> 2975000000 | BW3: =IFERROR(BV3/BU3,0%) -> 0.52339901 | BX3: =BX9 -> 3500000000 | BY3: =BY9 -> 0 | BZ3: =IFERROR(BY3/BX3,0%) -> 0 | CA3: =CA9 -> 7000000000 | CB3: =CB9 -> 0 | CC3: =IFERROR(CB3/CA3,0%) -> 0 | CD3: 8003000000 | CE3: =CE9 -> 0 | CF3: =IFERROR(CE3/CD3,0%) -> 0 | CG3: =CG9 -> 8121000000 | CH3: =CH9 -> 0 | CI3: =IFERROR(CH3/CG3,0%) -> 0 | CJ3: =CJ9 -> 8070000000 | CK3: =CK9 -> 0 | CL3: =IFERROR(CK3/CJ3,0%) -> 0 | CM3: =CM9 -> 8746000000 | CN3: =CN9 -> 0 | CO3: =IFERROR(CN3/CJ3,0%) -> 0 | CP3: =CP9 -> 7955000000 | CQ3: =CQ9 -> 0 | CR3: =IFERROR(CQ3/CM3,0%) -> 0 | CS3: =CS9 -> 7357000000 | CT3: =CT9 -> 0 | CU3: =IFERROR(CT3/CP3,0%) -> 0 | CV3: =CV9 -> 7655000000 | CW3: =CW9 -> 0 | CX3: =IFERROR(CW3/CS3,0%) -> 0 | CY3: =CY9 -> 7952000000 | CZ3: =CZ9 -> 0 | DA3: =IFERROR(CZ3/CV3,0%) -> 0 | DB3: =DB9 -> 7644000000 | DC3: =DC9 -> 0 | DD3: =IFERROR(DC3/CY3,0%) -> 0 | DE3: =CA3+BX3+BU3 -> 16184000000 | DF3: =CB3+BY3+BV3 -> 2975000000 | DG3: =IFERROR(DF3/DE3,0%) -> 0.18382353 | DH3: =CD3+CG3+CJ3 -> 24194000000 | DI3: =CE3+CH3+CK3 -> 0 | DJ3: =IFERROR(DI3/DH3,0%) -> 0 | DK3: =CM3+CP3+CS3 -> 24058000000 | DL3: =CH3+CK3+CN3 -> 0 | DM3: =IFERROR(DL3/DK3,0%) -> 0 | DN3: =CV3+CY3+DB3 -> 23251000000 | DO3: =CW3+CZ3+DC3 -> 0 | DP3: =IFERROR(DO3/DN3,0%) -> 0 | DQ3: =DK3+DH3+DE3+CV3+CY3 -> 80043000000 | DR3: =DL3+DI3+DF3+CW3+CZ3 -> 2975000000 | DS3: =IFERROR(DR3/DQ3,0%) -> 0.037167522 | DT3: =(DR3/11*1.1+DR3)/BR3 -> 0.037321518
C4: CHC | D4: =D10+D15+D20+D25+D30+D35 -> 49000000000 | E4: =E10+E15+E20+E25+E30+E35 -> 57303792509 | F4: =IFERROR(E4/D4,0%) -> 1.1694652 | G4: =G10+G15+G20+G25+G30+G35 -> 1562000000 | H4: =H10+H15+H20+H25+H30+H35 -> 1177560500 | I4: =IFERROR(H4/G4,0%) -> 0.75387996 | J4: =J10+J15+J20+J25+J30+J35 -> 693000000 | K4: =K10+K15+K20+K25+K30+K35 -> 2502215000 | L4: =IFERROR(K4/J4,0%) -> 3.6106999 | M4: =M10+M15+M20+M25+M30+M35 -> 1873000000 | N4: =N10+N15+N20+N25+N30+N35 -> 3235218700 | O4: =IFERROR(N4/M4,0%) -> 1.7272924 | P4: 2172000000 | Q4: =Q10+Q15+Q25+Q30+Q35 -> 5583197950 | R4: =IFERROR(Q4/P4,0%) -> 2.5705331 | S4: =S10+S15+S25+S30+S35+S20 -> 3549000000 | T4: =T10+T15+T25+T30+T35 -> 7253534981 | U4: =IFERROR(T4/S4,0%) -> 2.043825 | V4: =V10+V15+V25+V30+V35+V20 -> 6134000000 | W4: =W10+W15+W25+W30+W35 -> 5327532128 | X4: =IFERROR(W4/V4,0%) -> 0.86852496 | Y4: =Y10+Y15+Y25+Y30+Y35+Y20 -> 3216000000 | Z4: =Z10+Z15+Z25+Z30+Z35 -> 4291166300 | AA4: =IFERROR(Z4/Y4,0%) -> 1.3343179 | AB4: =AB10+AB15+AB25+AB30+AB35+AB20 -> 5155000000 | AC4: =AC10+AC15+AC25+AC30+AC35 -> 6598732620 | AD4: =IFERROR(AC4/AB4,0%) -> 1.2800645 | AE4: =AE10+AE15+AE25+AE30+AE35 -> 3301000000 | AF4: =AF10+AF15+AF25+AF30+AF35 -> 3628803985 | AG4: =IFERROR(AF4/AE4,0%) -> 1.0993044 | AH4: =AH10+AH15+AH25+AH30+AH35 -> 5494000000 | AI4: =AI10+AI15+AI25+AI30+AI35+AI20 -> 8056401345 | AJ4: =IFERROR(AI4/AH4,0%) -> 1.4664 | AK4: =AK10+AK15+AK25+AK30+AK35 -> 7453000000 | AL4: =AL10+AL15+AL25+AL30+AL35 -> 5435761050 | AM4: =IFERROR(AL4/AK4,0%) -> 0.72933866 | AN4: =AN10+AN15+AN25+AN30+AN35 -> 8398000000 | AO4: =AO10+AO15+AO25+AO30+AO35 -> 3648028950 | AP4: =IFERROR(AO4/AN4,0%) -> 0.43439259 | AQ4: =M4+J4+G4 -> 4128000000 | AR4: =N4+K4+H4 -> 6914994200 | AS4: =IFERROR(AR4/AQ4,0%) -> 1.6751439 | AT4: =P4+S4+V4 -> 11855000000 | AU4: =Q4+T4+W4 -> 18164265059 | AV4: =IFERROR(AU4/AT4,0%) -> 1.5322029 | AW4: =Y4+AB4+AE4 -> 11672000000 | AX4: =T4+W4+Z4 -> 16872233409 | AY4: =IFERROR(AX4/AW4,0%) -> 1.4455306 | AZ4: =AH4+AK4+AN4 -> 21345000000 | BA4: =AI4+AL4+AO4 -> 17140191345 | BB4: =IFERROR(BA4/AZ4,0%) -> 0.80300732 | BC4: =AW4+AT4+AQ4+AH4+AK4 -> 40602000000 | BD4: =AX4+AU4+AR4+AI4+AL4 -> 55443655063 | BE4: =IFERROR(BD4/BC4,0%) -> 1.36554 | BF4: =(BD4/11*1.1+BD4)/D4 -> 1.2446535 | BG4: sale | BH4: =(E14-E12)/10^9 -> 280.57188 | BI4: =(E19-E17)/10^9 -> 101.53487 | BJ4: =E24/10^9 -> 129.6911 | BK4: =E29/10^9 -> 4.0217684 | BL4: =E34/10^9 -> 26.105057 | BM4: =E39/10^9 -> 14.58 | BQ4: CHC | BR4: =BR10+BR15+BR20+BR25+BR30+BR35 -> 49259000000 | BS4: =BS10+BS15+BS20+BS25+BS30+BS35 -> 775000000 | BT4: =IFERROR(BS4/BR4,0%) -> 0.015733166 | BU4: =BU10+BU15+BU20+BU25+BU30+BU35 -> 1821000000 | BV4: =BV10+BV15+BV20+BV25+BV30+BV35 -> 775000000 | BW4: =IFERROR(BV4/BU4,0%) -> 0.42559033 | BX4: =BX10+BX15+BX20+BX25+BX30+BX35 -> 693000000 | BY4: =BY10+BY15+BY20+BY25+BY30+BY35 -> 0 | BZ4: =IFERROR(BY4/BX4,0%) -> 0 | CA4: =CA10+CA15+CA20+CA25+CA30+CA35 -> 1873000000 | CB4: =CB10+CB15+CB20+CB25+CB30+CB35 -> 0 | CC4: =IFERROR(CB4/CA4,0%) -> 0 | CD4: 2172000000 | CE4: =CE10+CE15+CE25+CE30+CE35 -> 0 | CF4: =IFERROR(CE4/CD4,0%) -> 0 | CG4: =CG10+CG15+CG25+CG30+CG35+CG20 -> 3549000000 | CH4: =CH10+CH15+CH25+CH30+CH35 -> 0 | CI4: =IFERROR(CH4/CG4,0%) -> 0 | CJ4: =CJ10+CJ15+CJ25+CJ30+CJ35+CJ20 -> 6134000000 | CK4: =CK10+CK15+CK25+CK30+CK35 -> 0 | CL4: =IFERROR(CK4/CJ4,0%) -> 0 | CM4: =CM10+CM15+CM25+CM30+CM35+CM20 -> 3216000000 | CN4: =CN10+CN15+CN25+CN30+CN35 -> 0 | CO4: =IFERROR(CN4/CM4,0%) -> 0 | CP4: =CP10+CP15+CP25+CP30+CP35+CP20 -> 5155000000 | CQ4: =CQ10+CQ15+CQ25+CQ30+CQ35 -> 0 | CR4: =IFERROR(CQ4/CP4,0%) -> 0 | CS4: =CS10+CS15+CS25+CS30+CS35 -> 3301000000 | CT4: =CT10+CT15+CT25+CT30+CT35 -> 0 | CU4: =IFERROR(CT4/CS4,0%) -> 0 | CV4: =CV10+CV15+CV25+CV30+CV35 -> 5494000000 | CW4: =CW10+CW15+CW25+CW30+CW35+CW20 -> 0 | CX4: =IFERROR(CW4/CV4,0%) -> 0 | CY4: =CY10+CY15+CY25+CY30+CY35 -> 7453000000 | CZ4: =CZ10+CZ15+CZ25+CZ30+CZ35 -> 0 | DA4: =IFERROR(CZ4/CY4,0%) -> 0 | DB4: =DB10+DB15+DB25+DB30+DB35 -> 8398000000 | DC4: =DC10+DC15+DC25+DC30+DC35 -> 0 | DD4: =IFERROR(DC4/DB4,0%) -> 0 | DE4: =CA4+BX4+BU4 -> 4387000000 | DF4: =CB4+BY4+BV4 -> 775000000 | DG4: =IFERROR(DF4/DE4,0%) -> 0.17665831 | DH4: =CD4+CG4+CJ4 -> 11855000000 | DI4: =CE4+CH4+CK4 -> 0 | DJ4: =IFERROR(DI4/DH4,0%) -> 0 | DK4: =CM4+CP4+CS4 -> 11672000000 | DL4: =CH4+CK4+CN4 -> 0 | DM4: =IFERROR(DL4/DK4,0%) -> 0 | DN4: =CV4+CY4+DB4 -> 21345000000 | DO4: =CW4+CZ4+DC4 -> 0 | DP4: =IFERROR(DO4/DN4,0%) -> 0 | DQ4: =DK4+DH4+DE4+CV4+CY4 -> 40861000000 | DR4: =DL4+DI4+DF4+CW4+CZ4 -> 775000000 | DS4: =IFERROR(DR4/DQ4,0%) -> 0.018966741 | DT4: =(DR4/11*1.1+DR4)/BR4 -> 0.017306482
C5: REF | D5: =D11+D16+D21+D26+D31+D36 -> 246150000000 | E5: =E11+E16+E21+E26+E31+E36 -> 186794384014 | F5: =IFERROR(E5/D5,0%) -> 0.75886404 | G5: =G11+G21+G26+G31+G36+G16 -> 11384000000 | H5: =H11+H21+H26+H31+H36+H16 -> 12314212292 | I5: =IFERROR(H5/G5,0%) -> 1.0817123 | J5: =J11+J21+J26+J31+J36+J16 -> 12754000000 | K5: =K11+K21+K26+K31+K36+K16 -> 11131848754 | L5: =IFERROR(K5/J5,0%) -> 0.87281235 | M5: =M11+M21+M26+M31+M36+M16 -> 14159000000 | N5: =N11+N21+N26+N31+N36+N16 -> 19654064911 | O5: =IFERROR(N5/M5,0%) -> 1.388097 | P5: 17200000000 | Q5: =Q11+Q16+Q21+Q26+Q31+Q36 -> 16716176923 | R5: =IFERROR(Q5/P5,0%) -> 0.97187075 | S5: =S11+S16+S26+S31+S36+S21 -> 17384000000 | T5: =T11+T16+T21+T26+T31+T36 -> 14613831198 | U5: =IFERROR(T5/S5,0%) -> 0.84064837 | V5: =V11+V16+V26+V31+V36+V21 -> 19456000000 | W5: =W11+W16+W21+W26+W31+W36 -> 14880940078 | X5: =IFERROR(W5/V5,0%) -> 0.76485095 | Y5: =Y11+Y16+Y26+Y31+Y36+Y21 -> 23000000000 | Z5: =Z11+Z16+Z21+Z26+Z31+Z36 -> 16211166070 | AA5: =IFERROR(Z5/Y5,0%) -> 0.70483331 | AB5: =AB11+AB16+AB26+AB31+AB36+AB21 -> 24639000000 | AC5: =AC11+AC16+AC26+AC31+AC36 -> 12098005467 | AD5: =IFERROR(AC5/AB5,0%) -> 0.49101041 | AE5: =AE11+AE16+AE26+AE31+AE36+AE21 -> 23418000000 | AF5: =AF11+AF16+AF26+AF31+AF36+AF21 -> 14095000246 | AG5: =IFERROR(AF5/AE5,0%) -> 0.60188745 | AH5: =AH11+AH16+AH21+AH26+AH31+AH36 -> 24916000000 | AI5: =AI11+AI16+AI26+AI31+AI36+AI21 -> 16941726478 | AJ5: =IFERROR(AI5/AH5,0%) -> 0.6799537 | AK5: =AK11+AK16+AK21+AK26+AK31+AK36 -> 28499000000 | AL5: =AL11+AL16+AL21+AL26+AL31+AL36 -> 17378768618 | AM5: =IFERROR(AL5/AK5,0%) -> 0.60980275 | AN5: =AN11+AN16+AN21+AN26+AN31+AN36 -> 29341000000 | AO5: =AO11+AO16+AO21+AO26+AO31+AO36 -> 16761529462 | AP5: =IFERROR(AO5/AN5,0%) -> 0.57126647 | AQ5: =M5+J5+G5 -> 38297000000 | AR5: =N5+K5+H5 -> 43100125957 | AS5: =IFERROR(AR5/AQ5,0%) -> 1.1254178 | AT5: =P5+S5+V5 -> 54040000000 | AU5: =Q5+T5+W5 -> 46210948199 | AV5: =IFERROR(AU5/AT5,0%) -> 0.85512487 | AW5: =Y5+AB5+AE5 -> 71057000000 | AX5: =T5+W5+Z5 -> 45705937346 | AY5: =IFERROR(AX5/AW5,0%) -> 0.6432292 | AZ5: =AH5+AK5+AN5 -> 82756000000 | BA5: =AI5+AL5+AO5 -> 51082024558 | BB5: =IFERROR(BA5/AZ5,0%) -> 0.61726068 | BC5: =AW5+AT5+AQ5+AH5+AK5 -> 216809000000 | BD5: =AX5+AU5+AR5+AI5+AL5 -> 169337506598 | BE5: =IFERROR(BD5/BC5,0%) -> 0.78104464 | BF5: =(BD5/11*1.1+BD5)/D5 -> 0.75673881 | BG5: viện | BH5: =SUM!OJ20 -> 1502.8517 | BI5: =SUM!OJ16 -> 462.48372 | BJ5: =SUM!OJ19 -> 368.47565 | BK5: =SUM!OJ18 -> 50.971062 | BL5: =SUM!OJ15 -> 52.577737 | BM5: =SUM!OJ17 -> 37.099504 | BQ5: REF | BR5: =BR11+BR16+BR21+BR26+BR31+BR36 -> 235899000000 | BS5: =BS11+BS16+BS21+BS26+BS31+BS36 -> 5988000000 | BT5: =IFERROR(BS5/BR5,0%) -> 0.025383745 | BU5: =BU11+BU21+BU26+BU31+BU36+BU16 -> 17183000000 | BV5: =BV11+BV21+BV26+BV31+BV36+BV16 -> 5988000000 | BW5: =IFERROR(BV5/BU5,0%) -> 0.34848397 | BX5: =BX11+BX21+BX26+BX31+BX36+BX16 -> 12654000000 | BY5: =BY11+BY21+BY26+BY31+BY36+BY16 -> 0 | BZ5: =IFERROR(BY5/BX5,0%) -> 0 | CA5: =CA11+CA21+CA26+CA31+CA36+CA16 -> 13659000000 | CB5: =CB11+CB21+CB26+CB31+CB36+CB16 -> 0 | CC5: =IFERROR(CB5/CA5,0%) -> 0 | CD5: 17200000000 | CE5: =CE11+CE16+CE26+CE31+CE36 -> 0 | CF5: =IFERROR(CE5/CD5,0%) -> 0 | CG5: =CG11+CG16+CG26+CG31+CG36+CG21 -> 16584000000 | CH5: =CH11+CH16+CH21+CH26+CH31+CH36 -> 0 | CI5: =IFERROR(CH5/CG5,0%) -> 0 | CJ5: =CJ11+CJ16+CJ26+CJ31+CJ36+CJ21 -> 18396000000 | CK5: =CK11+CK16+CK21+CK26+CK31+CK36 -> 0 | CL5: =IFERROR(CK5/CJ5,0%) -> 0 | CM5: =CM11+CM16+CM26+CM31+CM36+CM21 -> 21100000000 | CN5: =CN11+CN16+CN21+CN26+CN31+CN36 -> 0 | CO5: =IFERROR(CN5/CM5,0%) -> 0 | CP5: =CP11+CP16+CP26+CP31+CP36+CP21 -> 22289000000 | CQ5: =CQ11+CQ16+CQ26+CQ31+CQ36 -> 0 | CR5: =IFERROR(CQ5/CP5,0%) -> 0 | CS5: =CS11+CS16+CS26+CS31+CS36+CS21 -> 21718000000 | CT5: =CT11+CT16+CT26+CT31+CT36+CT21 -> 0 | CU5: =IFERROR(CT5/CS5,0%) -> 0 | CV5: =CV11+CV16+CV21+CV26+CV31+CV36 -> 23016000000 | CW5: =CW11+CW16+CW26+CW31+CW36+CW21 -> 0 | CX5: =IFERROR(CW5/CV5,0%) -> 0 | CY5: =CY11+CY16+CY21+CY26+CY31+CY36 -> 25899000000 | CZ5: =CZ11+CZ16+CZ21+CZ26+CZ31+CZ36 -> 0 | DA5: =IFERROR(CZ5/CY5,0%) -> 0 | DB5: =DB11+DB16+DB21+DB26+DB31+DB36 -> 26741000000 | DC5: =DC11+DC16+DC21+DC26+DC31+DC36 -> 0 | DD5: =IFERROR(DC5/DB5,0%) -> 0 | DE5: =CA5+BX5+BU5 -> 43496000000 | DF5: =CB5+BY5+BV5 -> 5988000000 | DG5: =IFERROR(DF5/DE5,0%) -> 0.13766783 | DH5: =CD5+CG5+CJ5 -> 52180000000 | DI5: =CE5+CH5+CK5 -> 0 | DJ5: =IFERROR(DI5/DH5,0%) -> 0 | DK5: =CM5+CP5+CS5 -> 65107000000 | DL5: =CH5+CK5+CN5 -> 0 | DM5: =IFERROR(DL5/DK5,0%) -> 0 | DN5: =CV5+CY5+DB5 -> 75656000000 | DO5: =CW5+CZ5+DC5 -> 0 | DP5: =IFERROR(DO5/DN5,0%) -> 0 | DQ5: =DK5+DH5+DE5+CV5+CY5 -> 209698000000 | DR5: =DL5+DI5+DF5+CW5+CZ5 -> 5988000000 | DS5: =IFERROR(DR5/DQ5,0%) -> 0.028555351 | DT5: =(DR5/11*1.1+DR5)/BR5 -> 0.027922119
B6: B2C | C6: ADS | D6: =D12+D17+D22+D27+D32+D37 -> 58000000000 | E6: =E12+E17+E22+E27+E32+E37 -> 31756000000 | F6: =IFERROR(E6/D6,0%) -> 0.54751724 | G6: =G12+G17+G22+G27+G32+G37 -> 3401000000 | H6: =H12+H17+H22+H27+H32+H37 -> 2276000000 | I6: =IFERROR(H6/G6,0%) -> 0.66921494 | J6: =J12+J17+J22+J27+J32+J37 -> 2901000000 | K6: =K12+K17+K22+K27+K32+K37 -> 2271000000 | L6: =IFERROR(K6/J6,0%) -> 0.78283351 | M6: =M12+M17+M22+M27+M32+M37 -> 3159000000 | N6: =N12+N17+N22+N27+N32+N37 -> 2349000000 | O6: =IFERROR(N6/M6,0%) -> 0.74358974 | P6: 4503000000 | Q6: =S13+Q17+Q22+Q27+Q32+Q37 -> 4693000000 | R6: =IFERROR(Q6/P6,0%) -> 1.0421941 | S6: =S12+S17+S27+S32+S37+S22 -> 4508000000 | T6: =T12+T17+T22+T27+T32+T37 -> 2498000000 | U6: =IFERROR(T6/S6,0%) -> 0.554126 | V6: =V12+V17+V27+V32+V37+V22 -> 5161000000 | W6: =W12+W17+W22+W27+W32+W37 -> 2475000000 | X6: =IFERROR(W6/V6,0%) -> 0.47955823 | Y6: =Y12+Y17+Y27+Y32+Y37+Y22 -> 5453000000 | Z6: =Z12+Z17+Z22+Z27+Z32+Z37 -> 2700000000 | AA6: =IFERROR(Z6/Y6,0%) -> 0.49514029 | AB6: =AB12+AB17+AB27+AB32+AB37+AB22 -> 5643000000 | AC6: =AC12+AC17+AC22+AC27+AC32+AC37 -> 2813000000 | AD6: =IFERROR(AC6/AB6,0%) -> 0.49849371 | AE6: =AE12+AE17+AE27+AE32+AE37+AE22 -> 5813000000 | AF6: =AF12+AF17+AF27+AF32+AF37+AF22 -> 3060000000 | AG6: =IFERROR(AF6/AE6,0%) -> 0.52640633 | AH6: =AH12+AH17+AH22+AH27+AH32+AH37 -> 5648000000 | AI6: =AI12+AI17+AI27+AI32+AI37+AI22 -> 3147000000 | AJ6: =IFERROR(AI6/AH6,0%) -> 0.55718839 | AK6: =AK12+AK17+AK22+AK27+AK32+AK37 -> 5676000000 | AL6: =AL12+AL17+AL22+AL27+AL32+AL37 -> 2836000000 | AM6: =IFERROR(AL6/AK6,0%) -> 0.49964764 | AN6: =AN12+AN17+AN22+AN27+AN32+AN37 -> 5734000000 | AO6: =AO12+AO17+AO22+AO27+AO32+AO37 -> 2988000000 | AP6: =IFERROR(AO6/AN6,0%) -> 0.5211022 | AQ6: =M6+J6+G6 -> 9461000000 | AR6: =N6+K6+H6 -> 6896000000 | AS6: =IFERROR(AR6/AQ6,0%) -> 0.72888701 | AT6: =P6+S6+V6 -> 14172000000 | AU6: =Q6+T6+W6 -> 9666000000 | AV6: =IFERROR(AU6/AT6,0%) -> 0.68204911 | AW6: =Y6+AB6+AE6 -> 16909000000 | AX6: =T6+W6+Z6 -> 7673000000 | AY6: =IFERROR(AX6/AW6,0%) -> 0.45378201 | AZ6: =AH6+AK6+AN6 -> 17058000000 | BA6: =AI6+AL6+AO6 -> 8971000000 | BB6: =IFERROR(BA6/AZ6,0%) -> 0.5259116 | BC6: =AW6+AT6+AQ6+AH6+AK6 -> 51866000000 | BD6: =AX6+AU6+AR6+AI6+AL6 -> 30218000000 | BE6: =IFERROR(BD6/BC6,0%) -> 0.58261674 | BF6: =(BD6/11*1.1+BD6)/D6 -> 0.5731 | BG6: Q4 | BH6: =BA14/10^9 -> 70.670452 | BI6: =BA19/10^9 -> 42.265985 | BJ6: =BA24/10^9 -> 39.996711 | BK6: =BA29/10^9 -> 1.917301 | BL6: =BA34/10^9 -> 4.7866927 | BM6: =BA39/10^9 -> 3.2307 | BP6: B2C | BQ6: ADS | BR6: =BR12+BR17+BR22+BR27+BR32+BR37 -> 64321000000 | BS6: =BS12+BS17+BS22+BS27+BS32+BS37 -> 1173000000 | BT6: =IFERROR(BS6/BR6,0%) -> 0.018236657 | BU6: =BU12+BU18+BU22+BU27+BU32+BU37 -> 9722000000 | BV6: =BV12+BV17+BV22+BV27+BV32+BV37 -> 1173000000 | BW6: =IFERROR(BV6/BU6,0%) -> 0.12065419 | BX6: =BX12+BX17+BX22+BX27+BX32+BX37 -> 2901000000 | BY6: =BY12+BY17+BY22+BY27+BY32+BY37 -> 0 | BZ6: =IFERROR(BY6/BX6,0%) -> 0 | CA6: =CA12+CA17+CA22+CA27+CA32+CA37 -> 3159000000 | CB6: =CB12+CB17+CB22+CB27+CB32+CB37 -> 0 | CC6: =IFERROR(CB6/CA6,0%) -> 0 | CD6: 4503000000 | CE6: =CE12+CE17+CE27+CE32+CE37 -> 0 | CF6: =IFERROR(CE6/CD6,0%) -> 0 | CG6: =CG12+CG17+CG27+CG32+CG37+CG22 -> 4508000000 | CH6: =CH12+CH17+CH22+CH27+CH32+CH37 -> 0 | CI6: =IFERROR(CH6/CG6,0%) -> 0 | CJ6: =CJ12+CJ17+CJ27+CJ32+CJ37+CJ22 -> 5161000000 | CK6: =CK12+CK17+CK22+CK27+CK32+CK37 -> 0 | CL6: =IFERROR(CK6/CJ6,0%) -> 0 | CM6: =CM12+CM17+CM27+CM32+CM37+CM22 -> 5453000000 | CN6: =CN12+CN17+CN22+CN27+CN32+CN37 -> 0 | CO6: =IFERROR(CN6/CM6,0%) -> 0 | CP6: =CP12+CP17+CP27+CP32+CP37+CP22 -> 5643000000 | CQ6: =CQ12+CQ17+CQ22+CQ27+CQ32+CQ37 -> 0 | CR6: =IFERROR(CQ6/CP6,0%) -> 0 | CS6: =CS12+CS17+CS27+CS32+CS37+CS22 -> 5813000000 | CT6: =CT12+CT17+CT27+CT32+CT37+CT22 -> 0 | CU6: =IFERROR(CT6/CS6,0%) -> 0 | CV6: =CV12+CV17+CV22+CV27+CV32+CV37 -> 5648000000 | CW6: =CW12+CW17+CW27+CW32+CW37+CW22 -> 0 | CX6: =IFERROR(CW6/CV6,0%) -> 0 | CY6: =CY12+CY17+CY22+CY27+CY32+CY37 -> 5676000000 | CZ6: =CZ12+CZ17+CZ22+CZ27+CZ32+CZ37 -> 0 | DA6: =IFERROR(CZ6/CY6,0%) -> 0 | DB6: =DB12+DB17+DB22+DB27+DB32+DB37 -> 5734000000 | DC6: =DC12+DC17+DC22+DC27+DC32+DC37 -> 0 | DD6: =IFERROR(DC6/DB6,0%) -> 0 | DE6: =CA6+BX6+BU6 -> 15782000000 | DF6: =CB6+BY6+BV6 -> 1173000000 | DG6: =IFERROR(DF6/DE6,0%) -> 0.074325181 | DH6: =CD6+CG6+CJ6 -> 14172000000 | DI6: =CE6+CH6+CK6 -> 0 | DJ6: =IFERROR(DI6/DH6,0%) -> 0 | DK6: =CM6+CP6+CS6 -> 16909000000 | DL6: =CH6+CK6+CN6 -> 0 | DM6: =IFERROR(DL6/DK6,0%) -> 0 | DN6: =CV6+CY6+DB6 -> 17058000000 | DO6: =CW6+CZ6+DC6 -> 0 | DP6: =IFERROR(DO6/DN6,0%) -> 0 | DQ6: =DK6+DH6+DE6+CV6+CY6 -> 58187000000 | DR6: =DL6+DI6+DF6+CW6+CZ6 -> 1173000000 | DS6: =IFERROR(DR6/DQ6,0%) -> 0.020159142 | DT6: =(DR6/11*1.1+DR6)/BR6 -> 0.020060322
C7: ORGANIC | D7: =D13+D18+D23+D28+D33+D38 -> 170650000000 | E7: =E13+E18+E23+E28+E33+E38 -> 237860496294 | F7: =IFERROR((E6/2+E7)/D7,0%) -> 1.4868942 | G7: =G13+G18+G23+G33+G38+G28 -> 12259000000 | H7: =H13+H18+H23+H33+H38+H28 -> 14447786725 | I7: =IFERROR(H7/G7,0%) -> 1.1785453 | J7: =J13+J18+J23+J33+J38+J28 -> 10626000000 | K7: =K13+K18+K23+K33+K38+K28 -> 16135984350 | L7: =IFERROR(K7/J7,0%) -> 1.518538 | M7: =M13+M18+M23+M33+M38+M28 -> 13134000000 | N7: =N13+N18+N23+N33+N38+N28 -> 21244430108 | O7: =IFERROR(N7/M7,0%) -> 1.6175141 | P7: 14956000000 | Q7: =Q13+Q18+Q23+Q28+Q33+Q38 -> 18265524944 | R7: =IFERROR(Q7/P7,0%) -> 1.2212841 | S7: =S13+S18+S28+S33+S38+S23 -> 12781000000 | T7: =T13+T18+T23+T28+T33+T38 -> 22528681186 | U7: =IFERROR(T7/S7,0%) -> 1.7626697 | V7: =V13+V18+V28+V33+V38+V23 -> 13191000000 | W7: =W13+W18+W23+W28+W33+W38 -> 21981339005 | X7: =IFERROR(W7/V7,0%) -> 1.6663891 | Y7: =Y13+Y18+Y28+Y33+Y38+Y23 -> 15119000000 | Z7: =Z13+Z18+Z23+Z28+Z33+Z38 -> 20155911227 | AA7: =IFERROR(Z7/Y7,0%) -> 1.3331511 | AB7: =AB13+AB18+AB28+AB33+AB38+AB23 -> 14408000000 | AC7: =AC13+AC18+AC23+AC28+AC33+AC38 -> 21072783640 | AD7: =IFERROR(AC7/AB7,0%) -> 1.4625752 | AE7: =AE13+AE18+AE28+AE33+AE38+AE23 -> 13656000000 | AF7: =AF13+AF18+AF28+AF33+AF38+AF23 -> 17455429204 | AG7: =IFERROR(AF7/AE7,0%) -> 1.2782242 | AH7: =AH13+AH18+AH23+AH28+AH33+AH38 -> 16495000000 | AI7: =AI13+AI18+AI28+AI33+AI38+AI23 -> 21869776704 | AJ7: =IFERROR(AI7/AH7,0%) -> 1.3258428 | AK7: =AK13+AK18+AK23+AK28+AK33+AK38 -> 18752000000 | AL7: =AL13+AL18+AL23+AL28+AL33+AL38 -> 23764709763 | AM7: =IFERROR(AL7/AK7,0%) -> 1.267316 | AN7: =AN13+AN18+AN23+AN28+AN33+AN38 -> 15672000000 | AO7: =AO13+AO18+AO23+AO28+AO33+AO38 -> 18938139438 | AP7: =IFERROR(AO7/AN7,0%) -> 1.208406 | AQ7: =M7+J7+G7 -> 36019000000 | AR7: =N7+K7+H7 -> 51828201183 | AS7: =IFERROR(AR7/AQ7,0%) -> 1.4389128 | AT7: =P7+S7+V7 -> 40928000000 | AU7: =Q7+T7+W7 -> 62775545135 | AV7: =IFERROR(AU7/AT7,0%) -> 1.5338044 | AW7: =Y7+AB7+AE7 -> 43183000000 | AX7: =T7+W7+Z7 -> 64665931418 | AY7: =IFERROR(AX7/AW7,0%) -> 1.4974858 | AZ7: =AH7+AK7+AN7 -> 50919000000 | BA7: =AI7+AL7+AO7 -> 64572625905 | BB7: =IFERROR(BA7/AZ7,0%) -> 1.268144 | BC7: =AW7+AT7+AQ7+AH7+AK7 -> 155377000000 | BD7: =AX7+AU7+AR7+AI7+AL7 -> 224904164203 | BE7: =IFERROR(BD7/BC7,0%) -> 1.447474 | BF7: =(BD7/11*1.1+BD7)/D7 -> 1.4497192 | BQ7: ORGANIC | BR7: =BR13+BR18+BR23+BR28+BR33+BR38 -> 160367000000 | BS7: =BS13+BS18+BS23+BS28+BS33+BS38 -> 7249070000 | BT7: =IFERROR((BS6/2+BS7)/BR7,0%) -> 0.048860239 | BU7: =BU13+BU18+BU23+BU33+BU38+BU28 -> 15426000000 | BV7: =BV13+BV18+BV23+BV33+BV38+BV28 -> 7249070000 | BW7: =IFERROR(BV7/BU7,0%) -> 0.46992545 | BX7: =BX13+BX18+BX23+BX33+BX38+BX28 -> 10626000000 | BY7: =BY13+BY18+BY23+BY33+BY38+BY28 -> 0 | BZ7: =IFERROR(BY7/BX7,0%) -> 0 | CA7: =CA13+CA18+CA23+CA33+CA38+CA28 -> 12634000000 | CB7: =CB13+CB18+CB23+CB33+CB38+CB28 -> 0 | CC7: =IFERROR(CB7/CA7,0%) -> 0 | CD7: 14956000000 | CE7: =CE13+CE18+CE28+CE33+CE38 -> 0 | CF7: =IFERROR(CE7/CD7,0%) -> 0 | CG7: =CG13+CG18+CG28+CG33+CG38+CG23 -> 11781000000 | CH7: =CH13+CH18+CH23+CH28+CH33+CH38 -> 0 | CI7: =IFERROR(CH7/CG7,0%) -> 0 | CJ7: =CJ13+CJ18+CJ28+CJ33+CJ38+CJ23 -> 11991000000 | CK7: =CK13+CK18+CK23+CK28+CK33+CK38 -> 0 | CL7: =IFERROR(CK7/CJ7,0%) -> 0 | CM7: =CM13+CM18+CM28+CM33+CM38+CM23 -> 13619000000 | CN7: =CN13+CN18+CN23+CN28+CN33+CN38 -> 0 | CO7: =IFERROR(CN7/CM7,0%) -> 0 | CP7: =CP13+CP18+CP28+CP33+CP38+CP23 -> 12908000000 | CQ7: =CQ13+CQ18+CQ23+CQ28+CQ33+CQ38 -> 0 | CR7: =IFERROR(CQ7/CP7,0%) -> 0 | CS7: =CS13+CS18+CS28+CS33+CS38+CS23 -> 11856000000 | CT7: =CT13+CT18+CT28+CT33+CT38+CT23 -> 0 | CU7: =IFERROR(CT7/CS7,0%) -> 0 | CV7: =CV13+CV18+CV23+CV28+CV33+CV38 -> 14995000000 | CW7: =CW13+CW18+CW28+CW33+CW38+CW23 -> 0 | CX7: =IFERROR(CW7/CV7,0%) -> 0 | CY7: =CY13+CY18+CY23+CY28+CY33+CY38 -> 17252000000 | CZ7: =CZ13+CZ18+CZ23+CZ28+CZ33+CZ38 -> 0 | DA7: =IFERROR(CZ7/CY7,0%) -> 0 | DB7: =DB13+DB18+DB23+DB28+DB33+DB38 -> 14172000000 | DC7: =DC13+DC18+DC23+DC28+DC33+DC38 -> 0 | DD7: =IFERROR(DC7/DB7,0%) -> 0 | DE7: =CA7+BX7+BU7 -> 38686000000 | DF7: =CB7+BY7+BV7 -> 7249070000 | DG7: =IFERROR(DF7/DE7,0%) -> 0.18738226 | DH7: =CD7+CG7+CJ7 -> 38728000000 | DI7: =CE7+CH7+CK7 -> 0 | DJ7: =IFERROR(DI7/DH7,0%) -> 0 | DK7: =CM7+CP7+CS7 -> 38383000000 | DL7: =CH7+CK7+CN7 -> 0 | DM7: =IFERROR(DL7/DK7,0%) -> 0 | DN7: =CV7+CY7+DB7 -> 46419000000 | DO7: =CW7+CZ7+DC7 -> 0 | DP7: =IFERROR(DO7/DN7,0%) -> 0 | DQ7: =DK7+DH7+DE7+CV7+CY7 -> 148044000000 | DR7: =DL7+DI7+DF7+CW7+CZ7 -> 7249070000 | DS7: =IFERROR(DR7/DQ7,0%) -> 0.048965645 | DT7: =(DR7/11*1.1+DR7)/BR7 -> 0.049723303
A8: SALES CHANNEL | D8: =SUM(D3:D7) -> 612800000000 | E8: =SUM(E3:E7) -> 588260672817 | F8: =IFERROR(E8/D8,0%) -> 0.95995541 | G8: =SUM(G3:G7) -> 35606000000 | H8: =SUM(H3:H7) -> 34588559517 | I8: =IFERROR(H8/G8,0%) -> 0.97142503 | J8: =SUM(J3:J7) -> 30474000000 | K8: =SUM(K3:K7) -> 37584048104 | L8: =IFERROR(K8/J8,0%) -> 1.2333152 | M8: =SUM(M3:M7) -> 39325000000 | N8: =SUM(N3:N7) -> 52770713719 | O8: =IFERROR(N8/M8,0%) -> 1.3419126 | P8: =SUM(P3:P7) -> 46834000000 | Q8: =SUM(Q3:Q7) -> 51509899817 | R8: =IFERROR(Q8/P8,0%) -> 1.0998399 | S8: =SUM(S3:S7) -> 46343000000 | T8: =SUM(T3:T7) -> 52767047365 | U8: =IFERROR(T8/S8,0%) -> 1.1386196 | V8: =SUM(V3:V7) -> 52012000000 | W8: =SUM(W3:W7) -> 50666811211 | X8: =IFERROR(W8/V8,0%) -> 0.97413695 | Y8: =SUM(Y3:Y7) -> 55534000000 | Z8: =SUM(Z3:Z7) -> 50000243597 | AA8: =IFERROR(Z8/Y8,0%) -> 0.90035372 | AB8: =SUM(AB3:AB7) -> 57800000000 | AC8: =SUM(AC3:AC7) -> 48953521727 | AD8: =IFERROR(AC8/AB8,0%) -> 0.84694674 | AE8: =SUM(AE3:AE7) -> 53545000000 | AF8: =SUM(AF3:AF7) -> 44339233435 | AG8: =IFERROR(AF8/AE8,0%) -> 0.82807421 | AH8: =SUM(AH3:AH7) -> 60208000000 | AI8: =SUM(AI3:AI7) -> 57083904527 | AJ8: =IFERROR(AI8/AH8,0%) -> 0.94811162 | AK8: =SUM(AK3:AK7) -> 68332000000 | AL8: =SUM(AL3:AL7) -> 55709239431 | AM8: =IFERROR(AL8/AK8,0%) -> 0.81527307 | AN8: =SUM(AN3:AN7) -> 66789000000 | AO8: =SUM(AO3:AO7) -> 50074697850 | AP8: =IFERROR(AO8/AN8,0%) -> 0.74974469 | AQ8: =M8+J8+G8 -> 105405000000 | AR8: =N8+K8+H8 -> 124943321340 | AS8: =IFERROR(AR8/AQ8,0%) -> 1.1853643 | AT8: =P8+S8+V8 -> 145189000000 | AU8: =Q8+T8+W8 -> 154943758393 | AV8: =IFERROR(AU8/AT8,0%) -> 1.0671866 | AW8: =Y8+AB8+AE8 -> 166879000000 | AX8: =Z8+AC8+AF8 -> 143292998759 | AY8: =IFERROR(AX8/AW8,0%) -> 0.85866405 | AZ8: =AH8+AK8+AN8 -> 195329000000 | BA8: =AI8+AL8+AO8 -> 162867841808 | BB8: =IFERROR(BA8/AZ8,0%) -> 0.83381291 | BC8: =AW8+AT8+AQ8+AH8+AK8 -> 546013000000 | BD8: =AX8+AU8+AR8+AI8+AL8 -> 535973222450 | BE8: =IFERROR(BD8/BC8,0%) -> 0.98161257 | BF8: =(BD8/11*1.1+BD8)/D8 -> 0.96209293 | BO8: SALES CHANNEL | BR8: =SUM(BR3:BR7) -> 597530000000 | BS8: =SUM(BS3:BS7) -> 18160070000 | BT8: =IFERROR(BS8/BR8,0%) -> 0.030391897 | BU8: =SUM(BU3:BU7) -> 49836000000 | BV8: =SUM(BV3:BV7) -> 18160070000 | BW8: =IFERROR(BV8/BU8,0%) -> 0.36439662 | BX8: =SUM(BX3:BX7) -> 30374000000 | BZ8: =IFERROR(BY8/BX8,0%) -> 0 | CA8: =SUM(CA3:CA7) -> 38325000000 | CC8: =IFERROR(CB8/CA8,0%) -> 0 | CD8: =SUM(CD3:CD7) -> 46834000000 | CF8: =IFERROR(CE8/CD8,0%) -> 0 | CG8: =SUM(CG3:CG7) -> 44543000000 | CI8: =IFERROR(CH8/CG8,0%) -> 0 | CJ8: =SUM(CJ3:CJ7) -> 49752000000 | CL8: =IFERROR(CK8/CJ8,0%) -> 0 | CM8: =SUM(CM3:CM7) -> 52134000000 | CO8: =IFERROR(CN8/CM8,0%) -> 0 | CP8: =SUM(CP3:CP7) -> 53950000000 | CR8: =IFERROR(CQ8/CP8,0%) -> 0 | CS8: =SUM(CS3:CS7) -> 50045000000 | CU8: =IFERROR(CT8/CS8,0%) -> 0 | CV8: =SUM(CV3:CV7) -> 56808000000 | CX8: =IFERROR(CW8/CV8,0%) -> 0 | CY8: =SUM(CY3:CY7) -> 64232000000 | DA8: =IFERROR(CZ8/CY8,0%) -> 0 | DB8: =SUM(DB3:DB7) -> 62689000000 | DD8: =IFERROR(DC8/DB8,0%) -> 0 | DE8: =CA8+BX8+BU8 -> 118535000000 | DF8: =CB8+BY8+BV8 -> 18160070000 | DG8: =IFERROR(DF8/DE8,0%) -> 0.15320429 | DH8: =CD8+CG8+CJ8 -> 141129000000 | DI8: =CE8+CH8+CK8 -> 0 | DJ8: =IFERROR(DI8/DH8,0%) -> 0 | DK8: =CM8+CP8+CS8 -> 156129000000 | DL8: =CN8+CQ8+CT8 -> 0 | DM8: =IFERROR(DL8/DK8,0%) -> 0 | DN8: =CV8+CY8+DB8 -> 183729000000 | DO8: =CW8+CZ8+DC8 -> 0 | DP8: =IFERROR(DO8/DN8,0%) -> 0 | DQ8: =DK8+DH8+DE8+CV8+CY8 -> 536833000000 | DR8: =DL8+DI8+DF8+CW8+CZ8 -> 18160070000 | DS8: =IFERROR(DR8/DQ8,0%) -> 0.033828155 | DT8: =(DR8/11*1.1+DR8)/BR8 -> 0.033431086
A9: HMSG | B9: B2B | C9: PHI | D9: =G9+J9+M9+P9+S9+V9+Y9+AB9+AE9+AH9+AK9+AN9 -> 89000000000 | E9: =H9+K9+N9+Q9+T9+W9+Z9+AC9+AF9+AI9+AL9+AO9 -> 74546000000 | F9: =IFERROR(E9/D9,0%) -> 0.83759551 | G9: 7000000000 | H9: 4373000000 | I9: =IFERROR(H9/G9,0%) -> 0.62471429 | J9: 3500000000 | K9: 5543000000 | L9: =IFERROR(K9/J9,0%) -> 1.5837143 | M9: 7000000000 | N9: 6288000000 | O9: =IFERROR(N9/M9,0%) -> 0.89828571 | P9: 8000000000 | Q9: 6252000000 | R9: =IFERROR(Q9/P9,0%) -> 0.7815 | S9: 8121000000 | T9: 5873000000 | U9: =IFERROR(T9/S9,0%) -> 0.7231868 | V9: 8070000000 | W9: 6002000000 | X9: =IFERROR(W9/V9,0%) -> 0.74374226 | Y9: 8746000000 | Z9: 6642000000 | AA9: =IFERROR(Z9/Y9,0%) -> 0.75943288 | AB9: 7955000000 | AC9: 6371000000 | AD9: =IFERROR(AC9/AB9,0%) -> 0.80087995 | AE9: 7357000000 | AF9: 6100000000 | AG9: =IFERROR(AF9/AE9,0%) -> 0.82914231 | AH9: 7655000000 | AI9: 7069000000 | AJ9: =IFERROR(AI9/AH9,0%) -> 0.92344873 | AK9: 7952000000 | AL9: 6294000000 | AM9: =IFERROR(AL9/AK9,0%) -> 0.79149899 | AN9: 7644000000 | AO9: =AM46*10^6 -> 7739000000 | AP9: =IFERROR(AO9/AN9,0%) -> 1.012428 | AQ9: =M9+J9+G9 -> 17500000000 | AR9: =N9+K9+H9 -> 16204000000 | AS9: =IFERROR(AR9/AQ9,0%) -> 0.92594286 | AT9: =P9+S9+V9 -> 24191000000 | AU9: =Q9+T9+W9 -> 18127000000 | AV9: =IFERROR(AU9/AT9,0%) -> 0.74932826 | AW9: =Y9+AB9+AE9 -> 24058000000 | AX9: =Z9+AC9+AF9 -> 19113000000 | AY9: =IFERROR(AX9/AW9,0%) -> 0.79445507 | AZ9: =AH9+AK9+AN9 -> 23251000000 | BA9: =AI9+AL9+AO9 -> 21102000000 | BB9: =IFERROR(BA9/AZ9,0%) -> 0.90757387 | BC9: =AW9+AT9+AQ9+AH9 -> 73404000000 | BD9: =AX9+AU9+AR9+AI9+AL9 -> 66807000000 | BE9: =IFERROR(BD9/BC9,0%) -> 0.91012751 | BF9: =(BD9/11*1.1+BD9)/D9 -> 0.82570449 | BO9: HMSG | BP9: B2B | BQ9: PHI | BR9: =BU9+BX9+CA9+CD9+CG9+CJ9+CM9+CP9+CS9+CV9+CY9+DB9 -> 87684000000 | BS9: =BV9+BY9+CB9+CE9+CH9+CK9+CN9+CQ9+CT9+CW9+CZ9+DC9 -> 2975000000 | BT9: =IFERROR(BS9/BR9,0%) -> 0.033928653 | BU9: 5684000000 | BV9: =BZ48*10^6 -> 2975000000 | BW9: =IFERROR(BV9/BU9,0%) -> 0.52339901 | BX9: 3500000000 | BZ9: =IFERROR(BY9/BX9,0%) -> 0 | CA9: 7000000000 | CC9: =IFERROR(CB9/CA9,0%) -> 0 | CD9: 8000000000 | CF9: =IFERROR(CE9/CD9,0%) -> 0 | CG9: 8121000000 | CI9: =IFERROR(CH9/CG9,0%) -> 0 | CJ9: 8070000000 | CL9: =IFERROR(CK9/CJ9,0%) -> 0 | CM9: 8746000000 | CO9: =IFERROR(CN9/CM9,0%) -> 0 | CP9: 7955000000 | CR9: =IFERROR(CQ9/CP9,0%) -> 0 | CS9: 7357000000 | CU9: =IFERROR(CT9/CS9,0%) -> 0 | CV9: 7655000000 | CX9: =IFERROR(CW9/CV9,0%) -> 0 | CY9: 7952000000 | DA9: =IFERROR(CZ9/CY9,0%) -> 0 | DB9: 7644000000 | DD9: =IFERROR(DC9/DB9,0%) -> 0 | DE9: =CA9+BX9+BU9 -> 16184000000 | DF9: =CB9+BY9+BV9 -> 2975000000 | DG9: =IFERROR(DF9/DE9,0%) -> 0.18382353 | DH9: =CD9+CG9+CJ9 -> 24191000000 | DI9: =CE9+CH9+CK9 -> 0 | DJ9: =IFERROR(DI9/DH9,0%) -> 0 | DK9: =CM9+CP9+CS9 -> 24058000000 | DL9: =CN9+CQ9+CT9 -> 0 | DM9: =IFERROR(DL9/DK9,0%) -> 0 | DN9: =CV9+CY9+DB9 -> 23251000000 | DO9: =CW9+CZ9+DC9 -> 0 | DP9: =IFERROR(DO9/DN9,0%) -> 0 | DQ9: =DK9+DH9+DE9+CV9 -> 72088000000 | DR9: =DL9+DI9+DF9+CW9+CZ9 -> 2975000000 | DS9: =IFERROR(DR9/DQ9,0%) -> 0.041269005 | DT9: =(DR9/11*1.1+DR9)/BR9 -> 0.037321518
C10: CHC | D10: =G10+J10+M10+P10+S10+V10+Y10+AB10+AE10+AH10+AK10+AN10 -> 38000000000 | E10: =H10+K10+N10+Q10+T10+W10+Z10+AC10+AF10+AI10+AL10+AO10 -> 43548477698 | F10: =IFERROR(E10/D10,0%) -> 1.1460126 | G10: 1270000000 | H10: =B63 -> 961703500 | I10: =IFERROR(H10/G10,0%) -> 0.75724685 | J10: 662000000 | K10: =C63 -> 807580100 | L10: =IFERROR(K10/J10,0%) -> 1.2199095 | M10: 860000000 | N10: =D63 -> 2554885700 | O10: =IFERROR(N10/M10,0%) -> 2.9707973 | P10: 1792000000 | Q10: =E63 -> 5404066350 | R10: =IFERROR(Q10/P10,0%) -> 3.015662 | S10: 2842000000 | T10: =F63 -> 6348545870 | U10: =IFERROR(T10/S10,0%) -> 2.2338304 | V10: 5112000000 | W10: =G63 -> 4193064828 | X10: =IFERROR(W10/V10,0%) -> 0.8202396 | Y10: 2392000000 | Z10: =H63 -> 2992031050 | AA10: =IFERROR(Z10/Y10,0%) -> 1.2508491 | AB10: 4417000000 | AC10: =I63 -> 5438470170 | AD10: =IFERROR(AC10/AB10,0%) -> 1.2312588 | AE10: 2582000000 | AF10: =J63 -> 2772382985 | AG10: =IFERROR(AF10/AE10,0%) -> 1.0737347 | AH10: 3822000000 | AI10: =K63 -> 6309816145 | AJ10: =IFERROR(AI10/AH10,0%) -> 1.65092 | AK10: 5652000000 | AL10: =L63 -> 3618531050 | AM10: =IFERROR(AL10/AK10,0%) -> 0.64022135 | AN10: 6597000000 | AO10: =M63 -> 2147399950 | AP10: =IFERROR(AO10/AN10,0%) -> 0.32551159 | AQ10: =M10+J10+G10 -> 2792000000 | AR10: =N10+K10+H10 -> 4324169300 | AS10: =IFERROR(AR10/AQ10,0%) -> 1.5487712 | AT10: =P10+S10+V10 -> 9746000000 | AU10: =Q10+T10+W10 -> 15945677048 | AV10: =IFERROR(AU10/AT10,0%) -> 1.6361253 | AW10: =Y10+AB10+AE10 -> 9391000000 | AX10: =Z10+AC10+AF10 -> 11202884205 | AY10: =IFERROR(AX10/AW10,0%) -> 1.1929384 | AZ10: =AH10+AK10+AN10 -> 16071000000 | BA10: =AI10+AL10+AO10 -> 12075747145 | BB10: =IFERROR(BA10/AZ10,0%) -> 0.75139986 | BC10: =AW10+AT10+AQ10+AH10 -> 25751000000 | BD10: =AX10+AU10+AR10+AI10+AL10 -> 41401077748 | BE10: =IFERROR(BD10/BC10,0%) -> 1.6077464 | BF10: =(BD10/11*1.1+BD10)/D10 -> 1.1984523 | BQ10: CHC | BR10: =BU10+BX10+CA10+CD10+CG10+CJ10+CM10+CP10+CS10+CV10+CY10+DB10 -> 37870000000 | BS10: =BV10+BY10+CB10+CE10+CH10+CK10+CN10+CQ10+CT10+CW10+CZ10+DC10 -> 330000000 | BT10: =IFERROR(BS10/BR10,0%) -> 0.0087140217 | BU10: 1140000000 | BV10: =BZ44*10^6 -> 330000000 | BW10: =IFERROR(BV10/BU10,0%) -> 0.28947368 | BX10: 662000000 | BZ10: =IFERROR(BY10/BX10,0%) -> 0 | CA10: 860000000 | CC10: =IFERROR(CB10/CA10,0%) -> 0 | CD10: 1792000000 | CF10: =IFERROR(CE10/CD10,0%) -> 0 | CG10: 2842000000 | CI10: =IFERROR(CH10/CG10,0%) -> 0 | CJ10: 5112000000 | CL10: =IFERROR(CK10/CJ10,0%) -> 0 | CM10: 2392000000 | CO10: =IFERROR(CN10/CM10,0%) -> 0 | CP10: 4417000000 | CR10: =IFERROR(CQ10/CP10,0%) -> 0 | CS10: 2582000000 | CU10: =IFERROR(CT10/CS10,0%) -> 0 | CV10: 3822000000 | CX10: =IFERROR(CW10/CV10,0%) -> 0 | CY10: 5652000000 | DA10: =IFERROR(CZ10/CY10,0%) -> 0 | DB10: 6597000000 | DD10: =IFERROR(DC10/DB10,0%) -> 0 | DE10: =CA10+BX10+BU10 -> 2662000000 | DF10: =CB10+BY10+BV10 -> 330000000 | DG10: =IFERROR(DF10/DE10,0%) -> 0.12396694 | DH10: =CD10+CG10+CJ10 -> 9746000000 | DI10: =CE10+CH10+CK10 -> 0 | DJ10: =IFERROR(DI10/DH10,0%) -> 0 | DK10: =CM10+CP10+CS10 -> 9391000000 | DL10: =CN10+CQ10+CT10 -> 0 | DM10: =IFERROR(DL10/DK10,0%) -> 0 | DN10: =CV10+CY10+DB10 -> 16071000000 | DO10: =CW10+CZ10+DC10 -> 0 | DP10: =IFERROR(DO10/DN10,0%) -> 0 | DQ10: =DK10+DH10+DE10+CV10 -> 25621000000 | DR10: =DL10+DI10+DF10+CW10+CZ10 -> 330000000 | DS10: =IFERROR(DR10/DQ10,0%) -> 0.012880059 | DT10: =(DR10/11*1.1+DR10)/BR10 -> 0.0095854238
C11: REF | D11: =G11+J11+M11+P11+S11+V11+Y11+AB11+AE11+AH11+AK11+AN11 -> 140000000000 | E11: =H11+K11+N11+Q11+T11+W11+Z11+AC11+AF11+AI11+AL11+AO11 -> 93108261443 | F11: =IFERROR(E11/D11,0%) -> 0.66505901 | G11: 7720000000 | H11: =B44 -> 7201457102 | I11: =IFERROR(H11/G11,0%) -> 0.93283123 | J11: 7720000000 | K11: =C44 -> 6988329399 | L11: =IFERROR(K11/J11,0%) -> 0.90522402 | M11: 8060000000 | N11: =D44 -> 12002117506 | O11: =IFERROR(N11/M11,0%) -> 1.4890965 | P11: 9734000000 | Q11: =E44 -> 10093572063 | R11: =IFERROR(Q11/P11,0%) -> 1.0369398 | S11: 10432000000 | T11: =F44 -> 7772872873 | U11: =IFERROR(T11/S11,0%) -> 0.74509901 | V11: 11590000000 | W11: =G44 -> 7482600414 | X11: =IFERROR(W11/V11,0%) -> 0.64560832 | Y11: 12128000000 | Z11: =H44 -> 7274758606 | AA11: =IFERROR(Z11/Y11,0%) -> 0.59983168 | AB11: 13136000000 | AC11: =I44 -> 7931216351 | AD11: =IFERROR(AC11/AB11,0%) -> 0.60377713 | AE11: 13574000000 | AF11: =J44 -> 6644704920 | AG11: =IFERROR(AF11/AE11,0%) -> 0.48951709 | AH11: 14506000000 | AI11: =K44 -> 7186634421 | AJ11: =IFERROR(AI11/AH11,0%) -> 0.49542496 | AK11: 15700000000 | AL11: =L44 -> 6592619793 | AM11: =IFERROR(AL11/AK11,0%) -> 0.41991209 | AN11: 15700000000 | AO11: =M44 -> 5937377995 | AP11: =IFERROR(AO11/AN11,0%) -> 0.37817694 | AQ11: =M11+J11+G11 -> 23500000000 | AR11: =N11+K11+H11 -> 26191904007 | AS11: =IFERROR(AR11/AQ11,0%) -> 1.1145491 | AT11: =P11+S11+V11 -> 31756000000 | AU11: =Q11+T11+W11 -> 25349045350 | AV11: =IFERROR(AU11/AT11,0%) -> 0.79824428 | AW11: =Y11+AB11+AE11 -> 38838000000 | AX11: =Z11+AC11+AF11 -> 21850679877 | AY11: =IFERROR(AX11/AW11,0%) -> 0.56261084 | AZ11: =AH11+AK11+AN11 -> 45906000000 | BA11: =AI11+AL11+AO11 -> 19716632209 | BB11: =IFERROR(BA11/AZ11,0%) -> 0.42950011 | BC11: =AW11+AT11+AQ11+AH11 -> 108600000000 | BD11: =AX11+AU11+AR11+AI11+AL11 -> 87170883448 | BE11: =IFERROR(BD11/BC11,0%) -> 0.80267848 | BF11: =(BD11/11*1.1+BD11)/D11 -> 0.68491408 | BQ11: REF | BR11: =BU11+BX11+CA11+CD11+CG11+CJ11+CM11+CP11+CS11+CV11+CY11+DB11 -> 142500000000 | BS11: =BV11+BY11+CB11+CE11+CH11+CK11+CN11+CQ11+CT11+CW11+CZ11+DC11 -> 2921000000 | BT11: =IFERROR(BS11/BR11,0%) -> 0.020498246 | BU11: 10220000000 | BV11: =BZ45*10^6 -> 2921000000 | BW11: =IFERROR(BV11/BU11,0%) -> 0.28581213 | BX11: 7720000000 | BZ11: =IFERROR(BY11/BX11,0%) -> 0 | CA11: 8060000000 | CC11: =IFERROR(CB11/CA11,0%) -> 0 | CD11: 9734000000 | CF11: =IFERROR(CE11/CD11,0%) -> 0 | CG11: 10432000000 | CI11: =IFERROR(CH11/CG11,0%) -> 0 | CJ11: 11590000000 | CL11: =IFERROR(CK11/CJ11,0%) -> 0 | CM11: 12128000000 | CO11: =IFERROR(CN11/CM11,0%) -> 0 | CP11: 13136000000 | CR11: =IFERROR(CQ11/CP11,0%) -> 0 | CS11: 13574000000 | CU11: =IFERROR(CT11/CS11,0%) -> 0 | CV11: 14506000000 | CX11: =IFERROR(CW11/CV11,0%) -> 0 | CY11: 15700000000 | DA11: =IFERROR(CZ11/CY11,0%) -> 0 | DB11: 15700000000 | DD11: =IFERROR(DC11/DB11,0%) -> 0 | DE11: =CA11+BX11+BU11 -> 26000000000 | DF11: =CB11+BY11+BV11 -> 2921000000 | DG11: =IFERROR(DF11/DE11,0%) -> 0.11234615 | DH11: =CD11+CG11+CJ11 -> 31756000000 | DI11: =CE11+CH11+CK11 -> 0 | DJ11: =IFERROR(DI11/DH11,0%) -> 0 | DK11: =CM11+CP11+CS11 -> 38838000000 | DL11: =CN11+CQ11+CT11 -> 0 | DM11: =IFERROR(DL11/DK11,0%) -> 0 | DN11: =CV11+CY11+DB11 -> 45906000000 | DO11: =CW11+CZ11+DC11 -> 0 | DP11: =IFERROR(DO11/DN11,0%) -> 0 | DQ11: =DK11+DH11+DE11+CV11 -> 111100000000 | DR11: =DL11+DI11+DF11+CW11+CZ11 -> 2921000000 | DS11: =IFERROR(DR11/DQ11,0%) -> 0.026291629 | DT11: =(DR11/11*1.1+DR11)/BR11 -> 0.02254807
B12: B2C | C12: ADS | D12: =G12+J12+M12+P12+S12+V12+Y12+AB12+AE12+AH12+AK12+AN12 -> 25000000000 | E12: =H12+K12+N12+Q12+T12+W12+Z12+AC12+AF12+AI12+AL12+AO12 -> 0 | F12: =IFERROR(E12/D12,0%) -> 0 | G12: 1200000000 | H12: =B70 -> 0 | I12: =IFERROR(H12/G12,0%) -> 0 | J12: 700000000 | K12: =C70 -> 0 | L12: =IFERROR(K12/J12,0%) -> 0 | M12: 1800000000 | N12: =D70 -> 0 | O12: =IFERROR(N12/M12,0%) -> 0 | P12: 2650000000 | Q12: =E70 -> 0 | R12: =IFERROR(Q12/P12,0%) -> 0 | S12: 1850000000 | T12: =F70 -> 0 | U12: =IFERROR(T12/S12,0%) -> 0 | V12: 2250000000 | W12: =G70 -> 0 | X12: =IFERROR(W12/V12,0%) -> 0 | Y12: 2550000000 | Z12: =H70 -> 0 | AA12: =IFERROR(Z12/Y12,0%) -> 0 | AB12: 2650000000 | AC12: =I70 -> 0 | AD12: =IFERROR(AC12/AB12,0%) -> 0 | AE12: 2450000000 | AF12: =J70 -> 0 | AG12: =IFERROR(AF12/AE12,0%) -> 0 | AH12: 2300000000 | AI12: =K70 -> 0 | AJ12: =IFERROR(AI12/AH12,0%) -> 0 | AK12: 2300000000 | AL12: =L70 -> 0 | AM12: =IFERROR(AL12/AK12,0%) -> 0 | AN12: 2300000000 | AP12: =IFERROR(AO12/AN12,0%) -> 0 | AQ12: =M12+J12+G12 -> 3700000000 | AR12: =N12+K12+H12 -> 0 | AS12: =IFERROR(AR12/AQ12,0%) -> 0 | AT12: =P12+S12+V12 -> 6750000000 | AU12: =S13+T12+W12 -> 2350000000 | AV12: =IFERROR(AU12/AT12,0%) -> 0.34814815 | AW12: =Y12+AB12+AE12 -> 7650000000 | AX12: =Z12+AC12+AF12 -> 0 | AY12: =IFERROR(AX12/AW12,0%) -> 0 | AZ12: =AH12+AK12+AN12 -> 6900000000 | BA12: =AI12+AL12+AO12 -> 0 | BB12: =IFERROR(BA12/AZ12,0%) -> 0 | BC12: =AW12+AT12+AQ12+AH12 -> 20400000000 | BD12: =AX12+AU12+AR12+AI12+AL12 -> 2350000000 | BE12: =IFERROR(BD12/BC12,0%) -> 0.11519608 | BF12: =(BD12/11*1.1+BD12)/D12 -> 0.1034 | BP12: B2C | BQ12: ADS | BR12: =BU12+BX12+CA12+CD12+CG12+CJ12+CM12+CP12+CS12+CV12+CY12+DB12 -> 25263000000 | BS12: =BV12+BY12+CB12+CE12+CH12+CK12+CN12+CQ12+CT12+CW12+CZ12+DC12 -> 1173000000 | BT12: =IFERROR(BS12/BR12,0%) -> 0.04643154 | BU12: 1463000000 | BV12: =BZ47*10^6 -> 1173000000 | BW12: =IFERROR(BV12/BU12,0%) -> 0.80177717 | BX12: 700000000 | BZ12: =IFERROR(BY12/BX12,0%) -> 0 | CA12: 1800000000 | CC12: =IFERROR(CB12/CA12,0%) -> 0 | CD12: 2650000000 | CF12: =IFERROR(CE12/CD12,0%) -> 0 | CG12: 1850000000 | CI12: =IFERROR(CH12/CG12,0%) -> 0 | CJ12: 2250000000 | CL12: =IFERROR(CK12/CJ12,0%) -> 0 | CM12: 2550000000 | CO12: =IFERROR(CN12/CM12,0%) -> 0 | CP12: 2650000000 | CR12: =IFERROR(CQ12/CP12,0%) -> 0 | CS12: 2450000000 | CU12: =IFERROR(CT12/CS12,0%) -> 0 | CV12: 2300000000 | CX12: =IFERROR(CW12/CV12,0%) -> 0 | CY12: 2300000000 | DA12: =IFERROR(CZ12/CY12,0%) -> 0 | DB12: 2300000000 | DD12: =IFERROR(DC12/DB12,0%) -> 0 | DE12: =CA12+BX12+BU12 -> 3963000000 | DF12: =CB12+BY12+BV12 -> 1173000000 | DG12: =IFERROR(DF12/DE12,0%) -> 0.29598789 | DH12: =CD12+CG12+CJ12 -> 6750000000 | DI12: =CE12+CH12+CK12 -> 0 | DJ12: =IFERROR(DI12/DH12,0%) -> 0 | DK12: =CM12+CP12+CS12 -> 7650000000 | DL12: =CN12+CQ12+CT12 -> 0 | DM12: =IFERROR(DL12/DK12,0%) -> 0 | DN12: =CV12+CY12+DB12 -> 6900000000 | DO12: =CW12+CZ12+DC12 -> 0 | DP12: =IFERROR(DO12/DN12,0%) -> 0 | DQ12: =DK12+DH12+DE12+CV12 -> 20663000000 | DR12: =DL12+DI12+DF12+CW12+CZ12 -> 1173000000 | DS12: =IFERROR(DR12/DQ12,0%) -> 0.056768136 | DT12: =(DR12/11*1.1+DR12)/BR12 -> 0.051074694
C13: ORGANIC | D13: =G13+J13+M13+P13+S13+V13+Y13+AB13+AE13+AH13+AK13+AN13 -> 38000000000 | E13: =H13+K13+N13+Q13+T13+W13+Z13+AC13+AF13+AI13+AL13+AO13 -> 69369145000 | F13: =IFERROR(E13/D13,0%) -> 1.8255038 | G13: 2200000000 | H13: =B52 -> 3583590000 | I13: =IFERROR(H13/G13,0%) -> 1.6289045 | J13: 1300000000 | K13: =C52 -> 5861970000 | L13: =IFERROR(K13/J13,0%) -> 4.5092077 | M13: 2300000000 | N13: =D52 -> 6428770000 | O13: =IFERROR(N13/M13,0%) -> 2.7951174 | P13: 2250000000 | Q13: =E52 -> 5144070000 | R13: =IFERROR(Q13/P13,0%) -> 2.2862533 | S13: 2350000000 | T13: =F52 -> 6257390000 | U13: =IFERROR(T13/S12,0%) -> 3.382373 | V13: 2550000000 | W13: =G52 -> 7163310000 | X13: =IFERROR(W13/V13,0%) -> 2.8091412 | Y13: 4100000000 | Z13: =H52 -> 6231620000 | AA13: =IFERROR(Z13/Y13,0%) -> 1.5199073 | AB13: 4200000000 | AC13: =I52 -> 6042640000 | AD13: =IFERROR(AC13/AB13,0%) -> 1.4387238 | AE13: 4350000000 | AF13: =J52 -> 4879712000 | AG13: =IFERROR(AF13/AE13,0%) -> 1.1217729 | AH13: 4050000000 | AI13: =K52 -> 5377991000 | AJ13: =IFERROR(AI13/AH13,0%) -> 1.327899 | AK13: 4250000000 | AL13: =L52 -> 7021940000 | AM13: =IFERROR(AL13/AK13,0%) -> 1.6522212 | AN13: 4100000000 | AO13: =M52 -> 5376142000 | AP13: =IFERROR(AO13/AN13,0%) -> 1.3112541 | AQ13: =M13+J13+G13 -> 5800000000 | AR13: =N13+K13+H13 -> 15874330000 | AS13: =IFERROR(AR13/AQ13,0%) -> 2.7369534 | AT13: =P13+S12+V13 -> 6650000000 | AU13: =Q13+T13+W13 -> 18564770000 | AV13: =IFERROR(AU13/AT13,0%) -> 2.7916947 | AW13: =Y13+AB13+AE13 -> 12650000000 | AX13: =Z13+AC13+AF13 -> 17153972000 | AY13: =IFERROR(AX13/AW13,0%) -> 1.3560452 | AZ13: =AH13+AK13+AN13 -> 12400000000 | BA13: =AI13+AL13+AO13 -> 17776073000 | BB13: =IFERROR(BA13/AZ13,0%) -> 1.4335543 | BC13: =AW13+AT13+AQ13+AH13 -> 29150000000 | BD13: =AX13+AU13+AR13+AI13+AL13 -> 63993003000 | BE13: =IFERROR(BD13/BC13,0%) -> 2.1953003 | BF13: =(BD13/11*1.1+BD13)/D13 -> 1.852429 | BQ13: ORGANIC | BR13: =BU13+BX13+CA13+CD13+CG13+CJ13+CM13+CP13+CS13+CV13+CY13+DB13 -> 38520000000 | BS13: =BV13+BY13+CB13+CE13+CH13+CK13+CN13+CQ13+CT13+CW13+CZ13+DC13 -> 1268000000 | BT13: =IFERROR(BS13/BR13,0%) -> 0.032917965 | BU13: 2720000000 | BV13: =BZ46*10^6 -> 1268000000 | BW13: =IFERROR(BV13/BU13,0%) -> 0.46617647 | BX13: 1300000000 | BZ13: =IFERROR(BY13/BX13,0%) -> 0 | CA13: 2300000000 | CC13: =IFERROR(CB13/CA13,0%) -> 0 | CD13: 2250000000 | CF13: =IFERROR(CE13/CD13,0%) -> 0 | CG13: 2350000000 | CI13: =IFERROR(CH13/CG12,0%) -> 0 | CJ13: 2550000000 | CL13: =IFERROR(CK13/CJ13,0%) -> 0 | CM13: 4100000000 | CO13: =IFERROR(CN13/CM13,0%) -> 0 | CP13: 4200000000 | CR13: =IFERROR(CQ13/CP13,0%) -> 0 | CS13: 4350000000 | CU13: =IFERROR(CT13/CS13,0%) -> 0 | CV13: 4050000000 | CX13: =IFERROR(CW13/CV13,0%) -> 0 | CY13: 4250000000 | DA13: =IFERROR(CZ13/CY13,0%) -> 0 | DB13: 4100000000 | DD13: =IFERROR(DC13/DB13,0%) -> 0 | DE13: =CA13+BX13+BU13 -> 6320000000 | DF13: =CB13+BY13+BV13 -> 1268000000 | DG13: =IFERROR(DF13/DE13,0%) -> 0.20063291 | DH13: =CD13+CG12+CJ13 -> 6650000000 | DI13: =CE13+CH13+CK13 -> 0 | DJ13: =IFERROR(DI13/DH13,0%) -> 0 | DK13: =CM13+CP13+CS13 -> 12650000000 | DL13: =CN13+CQ13+CT13 -> 0 | DM13: =IFERROR(DL13/DK13,0%) -> 0 | DN13: =CV13+CY13+DB13 -> 12400000000 | DO13: =CW13+CZ13+DC13 -> 0 | DP13: =IFERROR(DO13/DN13,0%) -> 0 | DQ13: =DK13+DH13+DE13+CV13 -> 29670000000 | DR13: =DL13+DI13+DF13+CW13+CZ13 -> 1268000000 | DS13: =IFERROR(DR13/DQ13,0%) -> 0.042736771 | DT13: =(DR13/11*1.1+DR13)/BR13 -> 0.036209761
